Workbook

Sheet Varietal
A1: Varietal | B1: Text | C1: Category | D1: text lenght max(300) | E1: Tane
A2: Red Bourbon | B2: This microlot is 100% Bourbon. This varietal is a natural mutation of the Coffee Arabigo. The name Bourbon was given after an island now called Reunion, off the coast of Madagascar. | C2: Exotic | D2: =+LEN(B2) -> 181 | E2: Finalised
A3: Bourbon Aruzi | B3: This variety was discovered in Inza, Cauca when a coffee tree was found to look very different from the typical coffee grown in the region. This unknown variety had a higher yield and was more resistant. As a result, some farmers began to grow this variety. Subsequently, the seeds were studied by a laboratory in London which found that the genetics and structure were similar to Bourbon Aruzi, a variety grown in Ethiopia | C3: Exotic | D3: =+LEN(B3) -> 423
A4: Bourbon Primitivo | B4: This varietal was planted by Luis Anibal Calderon in 2017. He came across a Bourbon tree with a distinct appearance and made the decision to take the seeds and plant additional trees of this variety. As he had discovered this unique coffee, he chose to give it a new name that would set it apart from the regular Bourbon variety. Thus, he named it Bourbon Primitivo. | C4: Exotic | D4: =+LEN(B4) -> 367 | E4: Finalised
A5: Castillo | B5: This microlot is 100% Castillo. This variety was developed by Federación Nacional de Cafeteros. It is more productive than Caturra and resistant to coffee leaf rust. | C5: Microlot | D5: =+LEN(B5) -> 165 | E5: Finalised
A6: Catimor | B6: This microlot is 100% Catimor (Costa Rica 95). This varietal is leaf rust resistant and was developed by “The Costa Rica Coffee Institute”. Costa 95 is a cross between Timor Hybrid and Caturra. | C6: Microlot | D6: =+LEN(B6) -> 193 | E6: Finalised
A7: Catuai | B7: A cross between Mundo Novo and compact Caturra, made by the Instituto Agronomico (IAC) of Sao Paulo State in Campinas, Brazil. | C7: Exotic | D7: =+LEN(B7) -> 128 | E7: Finalised
A8: Caturra | B8: This microlot is 100% Caturra. This variety originated in Minas Gerais, Brazil. It is a natural mutation of Red Bourbon. Caturra produces more coffee and is more resistant to plant diseases than Bourbon. | C8: Microlot | D8: =+LEN(B8) -> 203 | E8: Finalised
A9: Caturron | B9: This microlot is 100% Caturron. This varietal is a rare mutation of Caturra found for the first time in Acevedo, Huila. Growers started planting Caturron due to its resistance to leaf rust and high yield. But it wasn't until 2016 when Cofinet, with the help of some growers from the region, identified the exotic cup profile of this varietal. | C9: Exotic | D9: =+LEN(B9) -> 342 | E9: Finalised
A10: Cenicafe 1 | B10: Cenicafé 1 is a new variety of coffee tree developed by the Colombian Coffee Research Center (Cenicafé). It is a hybrid of the Caturra and Castillo varieties. It is disease-resistant and has a good yield. It has a balanced flavor of sweetness and acidity, with chocolate and citrus notes. | C10: Microlot | D10: =+LEN(B10) -> 288 | E10: Finalised
A11: Chilli Bourbon | B11: This microlot is 100% Chilli Bourbon. This varietal is rare mutation that took place in Acevedo, Huila. The name of this variety came after the pickers who tried it first discovered the cherry had a taste with a hint of spicy similar to chili. | C11: Exotic | D11: =+LEN(B11) -> 243 | E11: Finalised
A12: Chiroso Bourbon | B12: This microlot is 100% Chiroso. This varietal is a natural mutation that took place in Urrao, Antioquia. For the last 5 years, this varietal has become extremely popular in Colombia for its complexity, florals, and citrus notes. | C12: Exotic | D12: =+LEN(B12) -> 227 | E12: Finalised
A13: Costa Rica | B13: This microlot is 100% Costa Rica 95. | C13: Microlot | D13: =+LEN(B13) -> 36 | E13: Finalised
A14: Gesha | B14: This microlot is 100% Gesha. This varietal was first discovered in Abyssinia, Ethiopia in 1931. Gesha was planted in Panama for the first time in 1963 and in Colombia in 2005. | C14: Microlot | D14: =+LEN(B14) -> 175 | E14: Finalised
A15: Red Gesha | B15: This microlot is 100% Gesha. This varietal was first discovered in Abyssinia, Ethiopia in 1931. Gesha was planted in Panama for the first time in 1963 and in Colombia in 2005. | C15: Exotic | D15: =+LEN(B15) -> 175 | E15: Finalised
A16: Gesha King | B16: This particular varietal was planted by Luis Anibal Calderon in 2017. Within his crop of Gesha coffee, he stumbled upon a Gesha tree that produced coffee cherries noticeably larger in size compared to the typical ones found in Gesha trees. To distinguish this newly discovered variation from the traditional Gesha, Luis Anibal named it "Gesha King." | C16: Exotic | D16: =+LEN(B16) -> 349
A17: Java | B17: This micro-lot is 100% Java. This variety originated in Ethiopia and is a natural mutation of Typica. The seeds were taken to Indonesia where it was named Java. In 1991, it was introduced to Costa Rica and in 2010, it made its way into Colombia. | C17: Exotic | D17: =+LEN(B17) -> 245 | E17: Finalised
A18: Maracatura | B18: This microlot is 100% Maracaturra. This variety is a cross between Maragogype and Caturra. This variety is common in Nicaragua but very hard to find in Colombia. | C18: Exotic | D18: =+LEN(B18) -> 161 | E18: Finalised
A19: Maragesha | B19: This microlot is 100% Maragesha. This varietal is a natural cross between the Gesha and Maragogype varietals that took place at Luis Anibal’s farm, Finca Villa Betulia, in 2017. | C19: Exotic | D19: =+LEN(B19) -> 177 | E19: Finalised
A20: Maragogype | B20: This microlot is 100% Maragogype. | C20: Exotic | D20: =+LEN(B20) -> 33 | E20: Finalised
A21: Mokka | B21: This microlot is 100% Mokka. This variety originated in Yemen. It is named after the city Mocca in Yemen located right next to the red sea. This variety is known for producing beans much smaller than usual and its distinctive taste (very aromatic and full bodied). | C21: Exotic | D21: =+LEN(B21) -> 264 | E21: Finalised
A22: Ethiopian Heirloom | B22: This variety is native to Ethiopia and many years ago seeds arrived in Huila. Luis was the lucky one who was able to cultivate and understand the behavior of this plant. The results after many years of monitoring and experimenting are interesting. The cherry is elongated and has a belly button shape on the base of the fruit. | C22: Exotic | D22: =+LEN(B22) -> 327
A23: Yellow Pacamara | B23: The Yellow Pacamara is a natural mutation of the Red Pacamara (a cross between a Maragogype and Pacas). It was discovered by the Mierisch Family in Nicaragua. Yellow Pacamara cherries are similar to the more common Pacamara variety. | C23: Exotic
A24: Pacamara | B24: This microlot is 100% Pacamara. It is a variety created in El Salvador. It is a cross between Pacas and Maragogipe. This variety is low yield, however, has an exceptional cup profile. | C24: Exotic | D24: =+LEN(B24) -> 184 | E24: Finalised
A25: Papayo | B25: This microlot is 100% Papayo. This varietal is a rare mutation that took place in Acevedo, Huila. Ripe cherries turn orange in colour and the shape is similar to a papaya. The cup profile is complex with defined jasmine, sugar cane, and sweet chocolate notes. | C25: Exotic | D25: =+LEN(B25) -> 259 | E25: Finalised
A26: Pink Gesha | B26: This variety of Gesha originated from a mutation that occurred on a farm in Huila, where over time, some of the fruits began to ripen to a pinkish hue. Despite their different color, the cup profile was the same as the traditional red Gesha. We decided to selectively harvest the pink cherries and use their seeds to cultivate this Pink Gesha in Jardines del Eden. The resulting cup profile is just as exceptional as that of the red Gesha. | D26: =+LEN(B26) -> 439 | E26: Finalised
A27: Pink Bourbon | B27: This micro-lot is 100% Pink Bourbon. This varietal is currently under research in order to determine its origin. It is said that it is a mutation that took place at 2100 m.a.s.l in San Adolfo, Huila. | C27: Exotic | D27: =+LEN(B27) -> 199 | E27: Finalised
A28: Purple Bourbon | B28: This microlot is 100% Purple Bourbon. This variety is a mutation of Bourbon although the cherries ripen to be purple and the cup profile is more floral than Bourbon. | C28: Exotic | D28: =+LEN(B28) -> 165 | E28: Finalised
A29: Red Caturra | B29: This variety originated in Minas Gerais, Brazil. It is a natural mutation of Red Bourbon. Caturra produces more coffee and is more resistant to plant diseases than Bourbon. | C29: Exotic | D29: =+LEN(B29) -> 172 | E29: Finalised
A30: San Bernardo | B30: San Bernardo varietal is a natural mutation of Typica originated in Guatemala. It is a very rare varietal to come across in Colombia. Trees are even smaller than Caturra or Castillo and not resistant to leaf rust. The yield is low, and the cup profile is quite unique, complex with floral notes, spices, and a medium body. | C30: Exotic | D30: =+LEN(B30) -> 322 | E30: Finalised
A31: Sidra Bourbon | B31: Sidra is a hybrid between Bourbon and Typica varieties. Its sweet and bright profile is a characteristic of this unique variety, said to have originated in Ecuador. Sidra's height is medium, the yield is high, all the cherries ripen to be red, and the trees are tolerant to leaf rust and drought but are susceptible to pests. | C31: Exotic | D31: =+LEN(B31) -> 326 | E31: Finalised
A32: SL - 28 | B32: This microlot is 100% SL28. This varietal was developed by Scott Laboratories to suit Kenya soils and climate conditions in 1931. This varietal is very scarce in Colombia. | C32: Exotic | D32: =+LEN(B32) -> 171 | E32: Finalised
A33: Striped Bourbon | B33: A natural mutation of Bourbon, this unique variety was discovered in the municipality of San Adolfo in Huila. It features distinctive vertical stripes on its cherry. It is susceptible to leaf rust and yields low production. However, its cup profile is exceptionally complex, with a delightful blend of sweetness and floral notes. | C33: Exotic | D33: =+LEN(B33) -> 329 | E33: Finalised
A34: Tabi | B34: This micro-lot is 100% Tabi. This is a new variety developed by “Federacion Nacional de Cafeteros.” This unique variety is a cross between the Timor Hybrid, Bourbon, and Typica. | C34: Microlot | D34: =+LEN(B34) -> 177 | E34: Finalised
A35: Typica Mejorado | B35: This micro-lot is 100% Typica Mejorado. This varietal was developed in an experimental center in Ecuador. This coffee is rust-resistant, has good yield potential, and has a very good cup profile. | C35: Microlot | D35: =+LEN(B35) -> 197
A36: Pink Typica | B36: This is a traditional variety in Colombia and most of the small-scale coffee farmers have this variety in their parcels. Until the 1940s, the majority of coffee plantations in South and Central America were planted with Typica.Very few plantations produce ripe, pink-colored fruit, which makes this lot a unique selection. | C36: Microlot | D36: =+LEN(B36) -> 322
A37: Typica | B37: This is a traditional variety in Colombia and most of the small-scale coffee farmers have this variety in their parcels. In the late eighteenth century, cultivation spread to the Caribbean, Mexico, and Colombia. Until the 1940s, the majority of coffee plantations in South and Central America were planted with Typica. | C37: Microlot | D37: =+LEN(B37) -> 319 | E37: Finalised
A38: Variedad Colombia | B38: This microlot is 100% Variedad Colombia. This variety was developed by the Colombian Coffee Federation in order to fight leaf rust and is a hybridization of Caturra and Timor Hybrid. | C38: Microlot | D38: =+LEN(B38) -> 182 | E38: Finalised
A39: Wush Wush | B39: This microlot is 100% Wush Wush. This is a rare varietal grown in Colombia. It is believed that it made its way from Ethiopia about 25 years ago from Wush Wush. The cup profile is very floral, tea-like, and very complex. | C39: Exotic | D39: =+LEN(B39) -> 220 | E39: Finalised
A40: Yellow Bourbon | B40: This microlot is 100% Yellow Bourbon. This varietal is a natural mutation of the Coffee Arabigo. The name Bourbon was given after an island now called Reunion, off the coast of Madagascar. | C40: Exotic | D40: =+LEN(B40) -> 188 | E40: Finalised
A41: Yellow Variedad Colombia | B41: This microlot is 100% Variedad Colombia. This variety was developed by the Colombian Coffee Federation to fight leaf rust. It is a hybridization of Caturra and Timor Hybrid. This particular variety ripens to a golden yellow color instead of the traditional red. | D41: =+LEN(B41) -> 261 | E41: Finalised
A42: Yellow Caturra | B42: This variety originated in Minas Gerais, Brazil. It is a natural mutation of Red Bourbon. Caturra produces more coffee and is more resistant to plant diseases than Bourbon. | C42: Exotic | D42: =+LEN(B42) -> 172 | E42: Finalised
A43: Yellow Papayo | B43: This microlot is 100% Papayo. This varietal is a rare mutation that took place in Acevedo, Huila. The cherries ripen to an orange colour and the shape is similar to a papaya. The cup profile is complex with defined jasmine, sugar cane and sweet chocolate notes. | C43: Exotic | D43: =+LEN(B43) -> 261 | E43: Finalised
A44: Yellow Tabi Bourbon | B44: This microlot is 50% Tabi and 50% Bourbon. Tabi is a new varietal developed by "Federación Nacional de Cafeteros". The word Tabi means good in Guambiano dialect, an indigenous group in Colombia. | C44: Exotic | D44: =+LEN(B44) -> 194 | E44: Finalised
A45: Yellow Typica | B45: This microlot is a natural mutation of Typica. The yellow cherries it produces are found to be sweeter than red cherries and have an increased tactile sensation in the final cup profile. | C45: Exotic | D45: =+LEN(B45) -> 186 | E45: Finalised
A46: Yellow Gesha | B46: Gesha is originally from Ethiopia and cherries usually ripen to be red. Out of 1000 Gesha trees we occasionally come across 1 or 2 trees producing yellow cherries, these are Yellow Gesha. This variety was planted in Jardines del Eden in 2019 at an altitude of 1800 m.a.s.l. We have witnessed the perfect performance of this variety which is leading to good yields. | C46: Exotic | D46: =+LEN(B46) -> 364 | E46: Finalised
A47: Yirgacheffe | B47: Yirgacheffe is a coffee variety that is native to Ethiopia. It is a type of Arabica coffee, and it is known for its delicate, floral aroma and bright, citrusy acidity. Yirgacheffe coffees are often described as having notes of tangerine, lemon, and jasmine. It is known for its high quality and unique flavor profile. It produces high-quality cherries and has high-yield production. | C47: Exotic | D47: =+LEN(B47) -> 382 | E47: Finalised
A48: Laurina | B48: A natural mutation of Bourbon that originally occurred on Réunion, first described in 1947. It is known to have a lower caffeine content than many other C. arabica varieties. | C48: Exotic | D48: =+LEN(B48) -> 174 | E48: Finalised
A49: Sudan Rume | B49: This micro-lot is 100% Rume Sudan. A rare Sudanese coffee found in the high plateaus of Sudan. It is resistant to diseases, Its yield is medium and the beans are large and long. | C49: Exotic | D49: =+LEN(B49) -> 177 | E49: Finalised
A50: Yellow Sudan Rume | B50: This micro-lot is 100% Rume Sudan. A rare Sudanese coffee found in the high plateaus of Sudan. It is resistant to diseases, Its yield is medium and the beans are large and long. | C50: Exotic | D50: =+LEN(B50) -> 177
A51: Orange Bourbon | B51: This micro-lot is 100% Orange Bourbon. This variety is a natural mutation of the Red Bourbon. The cherry turns into an intense orange color when fully ripe. | C51: Exotic | D51: =+LEN(B51) -> 156
A52: Ombligon | B52: The seeds are from the Ethiopian Heirloom variety. Luis was the lucky one who was able to cultivate and understand the behavior of this plant. The results after many years of monitoring and experimenting are interesting. The cherry is elongated and has a belly button shape on the base of the fruit. The “belly button” term can be translated as Ombligon in Spanish, which is why Luis Anibal also refers to this variety as Ombligon. | C52: Exotic | D52: =+LEN(B52) -> 432
C53: Exotic

Sheet Process
A1: Process | B1: Text | C1: text_lenght (max 330) | E1: Tane
A2: Decaf | B2: This decaffeination process is unique. The caffeine is extracted from the bean using sugar cane ethyl acetate (EA) and water which enhances sweetness while maintaining coffee attributes. | C2: =+LEN(B2) -> 186 | E2: Finalised
A3: Natural Decaf | B3: This coffee was carefully hand-picked in order to select only the ripest cherries and then hand sorted to remove any defects. The coffee was sundried on raised beds in temperature-controlled conditions until the ideal moisture content is achieved. This decaffeination process is unique. The caffeine is extracted from the bean using sugar cane ethyl acetate (EA) and water which enhances sweetness while maintaining coffee attributes. | C3: =+LEN(B3) -> 434
A4: Honey | B4: Cherries for this microlot were picked following strict ripeness criteria. Cherries were later pulped and exposed to 35 hours of dry fermentation. Later, the cherries were placed on raised beds for 11 days until 10% moisture content was reached. | C4: =+LEN(B4) -> 245 | E4: Finalised
A5: Honey - Peru | B5: Cherries were later pulped and exposed to 35 hours of dry fermentation. The cherries were then placed on raised beds for 11 days until 10% moisture content was reached. | C5: =+LEN(B5) -> 168 | E5: Finalised
A6: Honey + (Tartaric Acid / Banana) | B6: This coffee was exposed to a dry anaerobic fermentation period of 72 hours with the pulp on. During this fermentation stage, banana and tartaric acid were added. The cherries were then pulped and placed to dry on raised beds until ideal moisture content was achieved. | C6: =+LEN(B6) -> 267
A7: Honey + (Tartaric Acid / Lulo) | B7: This coffee was exposed to a dry anaerobic fermentation period of 72 hours with the pulp on. During this fermentation stage, lulo and tartaric acid were added. The cherries were then pulped and placed to dry on raised beds until ideal moisture content was achieved. | C7: =+LEN(B7) -> 265
A8: Honey + (Tartaric Acid/ Strawberry) | B8: This coffee was exposed to a dry anaerobic fermentation period of 72 hours with the pulp on. During this fermentation stage, strawberry and tartaric acid were added. The cherries were then pulped and placed to dry on raised beds until ideal moisture content was achieved. | C8: =+LEN(B8) -> 271
A9: Honey + ( Tartaric Acid / Lychee) | B9: This coffee was exposed to a dry anaerobic fermentation period of 72 hours with the pulp on. During this fermentation stage, lychee and tartaric acid were added. The cherries were then pulped and placed to dry on raised beds until ideal moisture content was achieved. | C9: =+LEN(B9) -> 267
A10: Honey + ( Tartaric Acid / Peach) | B10: This coffee was exposed to a dry anaerobic fermentation period of 72 hours with the pulp on. During this fermentation stage, peach and tartaric acid were added. The cherries were then pulped and placed to dry on raised beds until ideal moisture content was achieved. | C10: =+LEN(B10) -> 266
A11: Honey + ( Tartaric Acid / Passion Fruit) | B11: This coffee was exposed to a dry anaerobic fermentation period of 72 hours with the pulp on. During this fermentation stage, passion fruit pulp and tartaric acid were added. The cherries were then pulped and placed to dry on raised beds until ideal moisture content was achieved. | C11: =+LEN(B11) -> 279
A12: Honey + ( Tartaric Acid / Cinnamon) | B12: This coffee was exposed to a dry anaerobic fermentation period of 72 hours with the pulp on. During this fermentation stage, cinnamon sticks and tartaric acid were added. The cherries were then pulped and placed to dry on raised beds until ideal moisture content was achieved. | C12: =+LEN(B12) -> 276
A13: Honey + ( Tartaric Acid / Eucalyptus) | B13: This coffee was exposed to a dry anaerobic fermentation period of 72 hours with the pulp on. During this fermentation stage, dried eucalyptus leaves and tartaric acid were added. The cherries were then pulped and placed to dry on raised beds until ideal moisture content was achieved. | C13: =+LEN(B13) -> 284 | E13: Finalised
A14: Honey + (Tartaric Acid / Lemongrass) | B14: This coffee was exposed to a dry anaerobic fermentation period of 72 hours with the pulp on. During this fermentation stage, dried lemongrass and tartaric acid were added. The cherries were then pulped and placed to dry on raised beds until ideal moisture content was achieved. | C14: =+LEN(B14) -> 277 | E14: Finalised
A15: Honey + (Tartaric Acid / Mint) | B15: This coffee was exposed to a dry anaerobic fermentation period of 72 hours with the pulp on. During this fermentation stage, dried mint leaves and tartaric acid were added. The cherries were then pulped and placed to dry on raised beds until ideal moisture content was achieved. | C15: =+LEN(B15) -> 278
A16: Honey + (Tartaric Acid / Ginger) | B16: This coffee was exposed to a dry anaerobic fermentation period of 72 hours with the pulp on. During this fermentation stage,ginger and tartaric acid were added. The cherries were then pulped and placed to dry on raised beds until ideal moisture content was achieved. | C16: =+LEN(B16) -> 266
A17: Honey + (Tartaric Acid / Grape) | B17: This coffee was exposed to a dry anaerobic fermentation period of 72 hours with the pulp on. During this fermentation stage, mashed fresh grapes and tartaric acid were added. The cherries were then pulped and placed to dry on raised beds with mashed fresh grapes placed amongst the coffee until the ideal moisture content was achieved. | C17: =+LEN(B17) -> 335
A18: Honey + (Wine Yeast / Mint) | B18: This coffee was exposed to a dry anaerobic fermentation period of 72 hours with the pulp on. During this fermentation stage, dried mint leaves and wine yeast were added. The cherries were then pulped and placed to dry on raised beds until ideal moisture content was achieved. | C18: =+LEN(B18) -> 275
A19: Honey + (Wine Yeast / Banana Maceration) | B19: This coffee was exposed to a dry anaerobic fermentation period of 72 hours with the pulp on. During this fermentation stage, banana and wine yeast were added. The cherries were then pulped and placed to dry on raised beds until the ideal moisture content was achieved.
A20: Honey + (Wine Yeast / Banana) | B20: This coffee was exposed to a dry anaerobic fermentation period of 72 hours with the pulp on. During this fermentation stage, banana and wine yeast were added. The cherries were then pulped and placed to dry on raised beds until the ideal moisture content was achieved. | C20: =+LEN(B20) -> 268
A21: Honey + (Wine Yeast / Cinnamon) | B21: This coffee was exposed to a dry anaerobic fermentation period of 72 hours with the pulp on. During this fermentation stage, cinnamon sticks and wine yeast were added. The cherries were then pulped and placed to dry on raised beds until the ideal moisture content was achieved. | C21: =+LEN(B21) -> 277
A22: Honey + (Wine Yeast / Lulo) | B22: This coffee was exposed to a dry anaerobic fermentation period of 72 hours with the pulp on. During this fermentation stage, lulo and wine yeast were added. The cherries were then pulped and placed to dry on raised beds until the ideal moisture content was achieved. | C22: =+LEN(B22) -> 266
A23: Honey + (Wine Yeast / Lychee) | B23: This coffee was exposed to a dry anaerobic fermentation period of 72 hours with the pulp on. During this fermentation stage, lychee and wine yeast were added. The cherries were then pulped and placed to dry on raised beds until the ideal moisture content was achieved. | C23: =+LEN(B23) -> 268
A24: Honey + (Wine Yeast / Grape) | B24: This coffee was exposed to a dry anaerobic fermentation period of 72 hours with the pulp on. During this fermentation stage, mashed fresh grapes and wine yeast were added. The cherries were then pulped and placed to dry on raised beds with mashed fresh grapes placed amongst the coffee until the ideal moisture content was achieved. | C24: =+LEN(B24) -> 332
A25: Honey + (Wine Yeast / Orange) | B25: This coffee was exposed to a dry anaerobic fermentation period of 72 hours with the pulp on. During this fermentation stage, ripe oranges and wine yeast were added. The cherries were then pulped and placed to dry on raised beds with ripe oranges placed amongst the coffee until the ideal moisture content was achieved. | C25: =+LEN(B25) -> 318 | E25: Finalised
A26: Honey + (Wine Yeast / Blackberries) | B26: This coffee was exposed to a dry anaerobic fermentation period of 72 hours with the pulp on. During this fermentation stage blackberries and wine yeast were added. The cherries were then pulped and placed to dry on raised beds until the ideal moisture content was achieved.
A27: Honey + (Wine Yeast / Blueberry) | B27: This coffee was exposed to a dry anaerobic fermentation period of 72 hours with the pulp on. During this fermentation stage blueberries and wine yeast were added. The cherries were then pulped and placed to dry on raised beds until the ideal moisture content was achieved.
A28: Honey + (Wine Yeast / Coconut ) | B28: This coffee was exposed to a dry anaerobic fermentation period of 72 hours with the pulp on. During this fermentation stage coconuts and wine yeast were added. The cherries were then pulped and placed to dry on raised beds until the ideal moisture content was achieved.
A29: Honey + (Wine Yeast / Coconut Maceration) | B29: This coffee was exposed to a dry anaerobic fermentation period of 72 hours with the pulp on. During this fermentation stage coconuts and wine yeast were added. The cherries were then pulped and placed to dry on raised beds until the ideal moisture content was achieved.
A30: Honey + (Wine Yeast / Passion Fruit) | B30: This coffee was exposed to a dry anaerobic fermentation period of 72 hours with the pulp on. During this fermentation stage passion fruit pulp and wine yeast were added. The cherries were then pulped and placed to dry on raised beds until the ideal moisture content was achieved. | C30: =+LEN(B30) -> 279
A31: Honey + (Wine Yeast / Green Apple) | B31: This coffee was exposed to a dry anaerobic fermentation period of 72 hours with the pulp on. During this fermentation stage green apple and wine yeast were added. The cherries were then pulped and placed to dry on raised beds until the ideal moisture content was achieved. | C31: =+LEN(B31) -> 272
A32: Honey + (Wine Yeast / Red Fruits) | B32: This coffee was exposed to a dry anaerobic fermentation period of 72 hours with the pulp on. During this fermentation stage ripe red fruits and wine yeast were added. The cherries were then pulped and placed to dry on raised beds with ripe red fruits placed amongst the coffee until the ideal moisture content was achieved. | C32: =+LEN(B32) -> 323
A33: Honey + (Wine Yeast / Dragon Fruit) | B33: This coffee was exposed to a dry anaerobic fermentation period of 72 hours with the pulp on. During this fermentation stage dragon fruit and wine yeast were added. The cherries were then pulped and placed to dry on raised beds until the ideal moisture content was achieved. | C33: =+LEN(B33) -> 273
A34: Honey + (Wine Yeast / Strawberry) | B34: This coffee was exposed to a dry anaerobic fermentation period of 72 hours with the pulp on. During this fermentation stage strawberry and wine yeast were added. The cherries were then pulped and placed to dry on raised beds with ripe strawberry placed amongst the coffee until the ideal moisture content was achieved. | C34: =+LEN(B34) -> 318
A35: Honey+ (Wine Yeast / Coco Peach) | B35: This coffee was exposed to a dry anaerobic fermentation period of 72 hours with the pulp on. During this fermentation stage peaches, coconut and wine yeast were added. The cherries were then pulped and placed to dry on raised beds with peaches placed amongst the coffee until the ideal moisture content was achieved.
A36: Honey+ (Wine Yeast / Peach) | B36: This coffee was exposed to a dry anaerobic fermentation period of 72 hours with the pulp on. During this fermentation stage peaches and wine yeast were added. The cherries were then pulped and placed to dry on raised beds with peaches placed amongst the coffee until the ideal moisture content was achieved. | C36: =+LEN(B36) -> 307
A37: Honey + Green Apple | B37: This coffee was exposed to a dry anaerobic fermentation period of 72 hours with the pulp on. During this fermentation stage, green apples were added. The cherries were then pulped and placed to dry on raised beds until the ideal moisture content was achieved.
A38: Honey + Blackberry | B38: This coffee was exposed to a dry anaerobic fermentation period of 72 hours with the pulp on. During this fermentation stage, ripe blackberries were added. The cherries were then pulped and placed to dry on raised beds until the ideal moisture content was achieved.
A39: Honey + Rose tea | B39: This coffee was exposed to a dry anaerobic fermentation period of 72 hours with the pulp on. During this fermentation stage, smashed roses were added. The cherries were then pulped and placed to dry on raised beds until ideal moisture content was achieved. | C39: =+LEN(B39) -> 256
A40: Honey + Ginger | B40: This coffee was exposed to a dry anaerobic fermentation period of 72 hours with the pulp on. During this fermentation stage,Ginger was added. The cherries were then pulped and placed to dry on raised beds until ideal moisture content was achieved. | C40: =+LEN(B40) -> 247
A41: Honey + Cinnamon | B41: This coffee was exposed to a dry anaerobic fermentation period of 72 hours with the pulp on. During this fermentation stage, cinnamon sticks were added. The cherries were then pulped and placed to dry on raised beds until the ideal moisture content was achieved. | C41: =+LEN(B41) -> 262
A42: Honey + Passionfruit | B42: This coffee was exposed to a dry anaerobic fermentation period of 72 hours with the pulp on. During this fermentation stage passion fruit pulp was added. The cherries were then pulped and placed to dry on raised beds until the ideal moisture content was achieved. | C42: =+LEN(B42) -> 263
A43: Honey + Lychee | B43: This coffee was exposed to a dry anaerobic fermentation period of 72 hours with the pulp on. During this fermentation stage, dehydrated lychee was added. Later, the coffee was pulped and placed on raised beds below 35ºC until ideal moisture content was achieved. | C43: =+LEN(B43) -> 262
A44: Honey + Strawberry | B44: This coffee was exposed to a dry anaerobic fermentation period of 72 hours with the pulp on. During this fermentation stage, strawberries were added. Later, the coffee was pulped and placed on raised beds below 35ºC until ideal moisture content was achieved. | C44: =+LEN(B44) -> 258
A45: Honey + Tripple Berries | B45: This coffee was exposed to a dry anaerobic fermentation period of 72 hours with the pulp on. During this fermentation stage, red fruits were added. Later, the coffee was pulped and placed on raised beds below 35ºC until ideal moisture content was achieved. | C45: =+LEN(B45) -> 256
A46: Honey + Candy Crush | B46: This coffee was exposed to a dry anaerobic fermentation period of 72 hours with the pulp on. During this fermentation stage, blackberries were added. Later, the coffee was pulped and placed on raised beds below 35ºC until ideal moisture content was achieved. | C46: =+LEN(B46) -> 258
A47: Honey + Coco Peach | B47: This coffee was exposed to a dry anaerobic fermentation period of 72 hours with the pulp on. During this fermentation stage coco and peach were added. The cherries were then pulped and placed to dry on raised beds until the ideal moisture content was achieved. | C47: =+LEN(B47) -> 260
A48: Honey + Coconut | B48: This coffee was exposed to a dry anaerobic fermentation period of 72 hours with the pulp on. During this fermentation stage, coconut was added. Later, the coffee was pulped and placed on raised beds below 35ºC until ideal moisture content was achieved. | C48: =+LEN(B48) -> 252
A49: Honey + Blackberry Mint | B49: This coffee was exposed to a dry anaerobic fermentation period of 72 hours with the pulp on. During this fermentation stage blackberries and mint leaves were added. The cherries were then pulped and placed to dry on raised beds until the ideal moisture content was achieved. | C49: =+LEN(B49) -> 274
A50: Honey + Tropical Sour | B50: This coffee was exposed to a dry anaerobic fermentation period of 72 hours with the pulp on. During this fermentation stage, lulo were added. The cherries were then pulped and placed to dry on raised beds until the ideal moisture content was achieved. | C50: =+LEN(B50) -> 251
... A53: Honey + Wild Citrus | B53: This coffee was exposed to a dry anaerobic fermentation period of 72 hours with the pulp on. During this fermentation stage green apples were added. The cherries were then pulped and placed to dry on raised beds until the ideal moisture content was achieved. | C53: =+LEN(B53) -> 258
A54: Honey + Mandarin | B54: This coffee was exposed to a dry anaerobic fermentation period of 72 hours with the pulp on. During this fermentation stage, dehydrated mandarin skin was added. Later, the coffee was pulped and placed on raised beds mixed with dehydrated mandarin skin below 35ºC until ideal moisture content was achieved. | C54: =+LEN(B54) -> 305 | E54: Finalised
A55: Honey + Orange | B55: This coffee was exposed to a dry anaerobic fermentation period of 72 hours with the pulp on. During this fermentation stage, ripe oranges were added. The cherries were then pulped and placed to dry on raised beds until the ideal moisture content was achieved. | C55: =+LEN(B55) -> 260
A56: Honey Anaerobic | B56: This coffee was harvested following strict ripeness criteria. Cherries were exposed to a dry anaerobic fermentation period of 40 hours. The cherries were then pulped and placed on raised beds below 35ºC until ideal moisture content was achieved. | C56: =+LEN(B56) -> 245 | E56: Finalised
A57: Honey CM | B57: This lot was exposed to aerobic fermentation for 24 hours. The coffee was then placed inside Grainpro bags for 50 hours maintaining a temperature below 22ºC and adding CO2. Finally, the coffee was pulped and placed on raised beds at a temperature below 35ºC until ideal moisture content was achieved. | C57: =+LEN(B57) -> 300 | E57: Finalised
A58: Honey ICE | B58: This coffee was exposed to a dry aerobic fermentation of 24 hours. The cherries were then placed inside Grainpro bags for 50 hours maintaining a temperature of below 22ºC. The coffee was then frozen for 72 hours. Finally, the coffee was pulped and placed on raised beds at a temperature below 35 ºC until ideal moisture content was achieved. | C58: =+LEN(B58) -> 341 | E58: Finalised
A59: Honey Lactic | B59: This coffee was exposed to a dry aerobic fermentation of 24 hours then placed inside Grainpro bags for 90 hours maintaining a temperature below 22ºC. In this environment, the bacteria feed on the carbohydrates and sugars found in the mucilage. This leads to a higher concentration of lactic acid. Finally, the coffee was pulped and placed on raised beds at a temperature below 35ºC until ideal moisture content was achieved. | C59: =+LEN(B59) -> 424 | E59: Finalised
A60: Honey Spices | B60: This coffee was exposed to a dry anaerobic fermentation of 72 hours with the pulp on. During this stage of fermentation, spices were added. Afterwards, cherries were pulped and left to dry on raised beds until 10.5% moisture content was reached. | C60: =+LEN(B60) -> 245 | E60: Finalised
A61: Natural | B61: This coffee was carefully hand-picked in order to select only the ripest cherries and then hand sorted to remove any defects. The coffee was sundried on raised beds in temperature controlled conditions until the ideal moisture content is achieved. | C61: =+LEN(B61) -> 247 | E61: Finalised
A62: Natural + Red Berries Maceration | B62: This coffee was exposed to a dry anaerobic fermentation period of 72 hours with the pulp on. During this fermentation stage, red fruits were added. Afterward, cherries were placed to dry on raised beds until ideal moisture content was achieved.
A63: Natural + Red Berries | B63: This coffee was exposed to a dry anaerobic fermentation period of 72 hours with the pulp on. During this fermentation stage, red fruits were added. Afterward, cherries were placed to dry on raised beds until ideal moisture content was achieved. | C63: =+LEN(B63) -> 244
A64: Natural + Strawberry | B64: This coffee was exposed to a dry anaerobic fermentation period of 72 hours with the pulp on. During this fermentation stage, strawberries were added. Afterward, cherries were placed to dry on raised beds until ideal moisture content was achieved. | C64: =+LEN(B64) -> 246
A65: Natural + Apple Pulp | B65: This coffee was exposed to a dry anaerobic fermentation period of 72 hours with the pulp on. During this fermentation stage, apple pulp was added. Afterward, cherries were placed to dry on raised beds until ideal moisture content was achieved. | C65: =+LEN(B65) -> 243
A66: Natural + Cinnamon | B66: This coffee was exposed to a dry anaerobic fermentation period of 72 hours with the pulp on. During this fermentation stage, dried cinnamon sticks were added. Afterward, cherries were placed to dry on raised beds until ideal moisture content was achieved. | C66: =+LEN(B66) -> 255 | E66: Finalised
A67: Natural + Wild Citrus | B67: This coffee was exposed to a dry anaerobic fermentation period of 72 hours with the pulp on. During this fermentation stage, green apples were added. Afterward, cherries were placed to dry on raised beds until ideal moisture content was achieved.
A68: Natural + (Tartaric Acid / Cinnamon) | B68: This coffee was exposed to a dry anaerobic fermentation period of 72 hours with the pulp on. During this fermentation stage, dried cinnamon sticks and tartaric acid were added. Afterwards, cherries were placed to dry on raised beds until ideal moisture content was achieved. | C68: =+LEN(B68) -> 274 | E68: Finalised
A69: Natural + Mandarin | B69: This lot was exposed to a dry anaerobic fermentation of 48 hours. During this fermentation, dehydrated mandarine skin was added to the anaerobic environment. Later, coffee was placed on raised beds mixed with dehydrated mandarine skin below 35ºC until ideal moisture content was achieved. | C69: =+LEN(B69) -> 288 | E69: Finalised
A70: Natural 150 hours | B70: This coffee was carefully hand-picked in order to select only the ripest cherries. The coffee was then placed in an aerobic environment for 24 hours before then being placed in Grainpro bags for 150 hours for further fermentation. The whole cherries were then sundried on raised beds until ideal moisture content was achieved.
A71: Natural 100 hours | B71: This coffee was carefully hand-picked in order to select only the ripest cherries. The coffee was then placed in an aerobic environment for 24 hours before then being placed in Grainpro bags for 100 hours for further fermentation. The whole cherries were then sundried on raised beds until ideal moisture content was achieved. | C71: =+LEN(B71) -> 326
A72: Natural 200 hours | B72: This coffee was carefully hand-picked in order to select only the ripest cherries. The coffee was then placed in an aerobic environment for 24 hours before then being placed in Grainpro bags for 200 hours for further fermentation. The whole cherries were then sundried on raised beds until ideal moisture content was achieved. | C72: =+LEN(B72) -> 326 | E72: Finalised
A73: Natural Anaerobic | B73: This coffee was carefully hand-picked in order to select only the ripest cherries. The cherries were then fermented for 40 hours in an anaerobic environment. Afterwards, the coffee was sundried until ideal moisture content was achieved. | C73: =+LEN(B73) -> 236 | E73: Finalised
A74: Natural Anaerobic 200 hours | B74: This coffee was carefully hand-picked in order to select only the ripest cherries. The coffee was then placed in an aerobic environment for 24 hours before then being placed in Grainpro bags for 200 hours for further fermentation. The whole cherries were then sundried on raised beds until ideal moisture content was achieved. | C74: =+LEN(B74) -> 326 | E74: Finalised
A75: Natural Anaerobic 300 hours | B75: This coffee was carefully hand-picked in order to select only the ripest cherries. The coffee was then placed in an aerobic environment for 24 hours before then being placed in Grainpro bags for 300 hours for further fermentation. The whole cherries were then sundried on raised beds until ideal moisture content was achieved. | C75: =+LEN(B75) -> 326 | E75: Finalised
A76: Natural CM | B76: This lot was first aerobically fermented for 24 hours. Then the whole cherries were placed inside Grainpro bags for 50 hours maintaining a temperature below 22ºC and adding CO2. Finally, the whole cherries were placed on raised beds at a temperature below 35ºC until ideal moisture content was achieved. | C76: =+LEN(B76) -> 303 | E76: Finalised
A77: Natural CM 240 | B77: This lot was exposed to aerobic fermentation for 24 hours. The coffee was then placed inside Grainpro bags for 240 hours maintaining a temperature below 22ºC and adding CO2. Finally, the coffee was placed on raised beds at a temperature below 35ºC until ideal moisture content was achieved. | C77: =+LEN(B77) -> 290
A78: Natural CM 200 | B78: This lot was exposed to aerobic fermentation for 24 hours. The coffee was then placed inside Grainpro bags for 200 hours maintaining a temperature below 22ºC and adding CO2. Finally, the coffee was placed on raised beds at a temperature below 35ºC until ideal moisture content was achieved. | C78: =+LEN(B78) -> 290 | E78: Finalised
A79: Natural Double Anaerobic | B79: This lot was exposed to a dry anaerobic fermentation of 48 hours inside Grainbro bags followed by a further 24 hours of aerobic fermentation. Then the coffee was placed back inside Grainpro bags for another 48 hours. Finally, the coffee was placed on raised beds below 35ºC until ideal moisture content was achieved. | C79: =+LEN(B79) -> 316 | E79: Finalised
A80: Natural EF | B80: This coffee was carefully hand-picked in order to select only the ripest cherries. Later cherries were exposed to anaerobic fermentation for 90 hours. Then the whole cherries were placed on raised beds until 10.5% moisture content was achieved. | C80: =+LEN(B80) -> 244 | E80: Finalised
A81: Natural EF1 | B81: This coffee was exposed to a dry aerobic fermentation of 24 hours before being placed inside Grainpro bags for 25 hours at a temperature below 22ºC. Then the whole cherries were placed on raised beds until 11% moisture content was achieved. | C81: =+LEN(B81) -> 241 | E81: Finalised
A82: Natural EF2 | B82: This coffee was exposed to a dry aerobic fermentation of 24 hours before being placed inside Grainpro bags for 50 hours at a temperature below 22ºC. Then the whole cherries were placed on raised beds until 11% moisture content was achieved. | C82: =+LEN(B82) -> 241 | E82: Finalised
A83: Natural Ice | B83: This coffee was exposed to a dry aerobic fermentation of 24 hours before being placed inside Grainpro bags for 50 hours at a temperature below 22ºC. Then the coffee was frozen for 72 hours. Finally, the coffee was placed on raised beds below 35 ºC until ideal moisture content was achieved. | C83: =+LEN(B83) -> 290 | E83: Finalised
A84: Natural Lactic | B84: This coffee was exposed to a dry aerobic fermentation of 24 hours before being placed inside Grainpro bags for 90 hours, maintained at a temperature below 22ºC. In this environment, the bacteria feed on carbohydrates and sugars found on the mucilage leading to a higher concentration of lactic acid. Then this coffee was placed on raised beds until 11% moisture content is achieved. | C84: =+LEN(B84) -> 382 | E84: Finalised
A85: Natural Rum Aged | B85: This coffee was exposed to a dry aerobic fermentation of 24 hours. The cherries were then exposed to a dry anaerobic fermentation of 50 hours inside rum barrels. The coffee was placed on raised beds until the ideal moisture content was achieved. Finally, the coffee was then rested inside rum barrels for 10-20 days. | C85: =+LEN(B85) -> 316 | E85: Finalised
A86: Natural Thermal Stroke | B86: Cherries were first placed inside an anaerobic environment for 48 hours. Then the coffee was dried inside mechanical dryers for 20 hours at 35 ºC. The cherries were later taken out of the dryers and placed inside an anaerobic environment for 20 hours at 70ºC. Final the whole cherries were dried until ideal moisture content was achieved. | C86: =+LEN(B86) -> 338 | E86: Finalised
A87: Washed | B87: This coffee is harvested following strict ripeness criteria, floated and hand-sorted to remove any defects. Cherries were then exposed to 30 hours of underwater fermentation before being pulped. The parchment was then gently washed and then dried in temperature controlled conditions until ideal moisture content was achieved. | C87: =+LEN(B87) -> 326 | E87: Finalised
A88: Washed 200 hr | B88: This coffee is harvested following strict ripeness criteria, later floated and hand-sorted to remove any defects. Cherries are exposed to 200 hours of underwater fermentation before being de-pulped. Parchment is gently washed and later dried under temperature-controlled conditions until ideal moisture content was achieved. | C88: =+LEN(B88) -> 324
A89: Washed - Peru | B89: This coffee is harvested following strict ripeness criteria, floated and hand-sorted to remove any defects. Cherries were then exposed to 30 hours of underwater fermentation before being pulped. The parchment was then gently washed and then dried in temperature controlled conditions until ideal moisture content was achieved. | C89: =+LEN(B89) -> 326 | E89: Finalised
A90: Washed + Lychee | B90: This lot was exposed to a dry anaerobic fermentation of 48 hours. During this fermentation period, lychees were added to the anaerobic environment. The coffee was then gently washed and placed on raised beds below 35ºC until ideal moisture content was achieved.
A91: Washed + Red Fruits | B91: This lot was exposed to a dry anaerobic fermentation of 48 hours. During this fermentation period, red fruits were added to the anaerobic environment. The coffee was then gently washed and placed on raised beds below 35ºC until ideal moisture content was achieved.
A92: Washed + Blackberry | B92: This lot was exposed to a dry anaerobic fermentation of 48 hours. During this fermentation period, blackberries were added to the anaerobic environment. The coffee was then gently washed and placed on raised beds below 35ºC until ideal moisture content was achieved. | C92: =+LEN(B92) -> 266
A93: Washed + Peach | B93: This lot was exposed to a dry anaerobic fermentation of 48 hours. During this fermentation period, peaches were added to the anaerobic environment. The coffee was then gently washed and placed on raised beds below 35ºC until ideal moisture content was achieved.
A94: Washed + Passionfruit | B94: This lot was exposed to a dry anaerobic fermentation of 48 hours. During this fermentation period, passionfruit pulp was added to the anaerobic environment. The coffee was then gently washed and placed on raised beds below 35ºC until ideal moisture content was achieved.
A95: Washed + Strawberry | B95: This lot was exposed to a dry anaerobic fermentation of 48 hours. During this fermentation period, strawberries were added to the anaerobic environment. The coffee was then gently washed and placed on raised beds below 35ºC until ideal moisture content was achieved. | C95: =+LEN(B95) -> 266 | E95: Finalised
A96: Washed + Green apple | B96: This lot was exposed to a dry anaerobic fermentation of 48 hours. During this fermentation period, green apple was added to the anaerobic environment. The coffee was then gently washed and placed on raised beds below 35ºC until ideal moisture content was achieved. | C96: =+LEN(B96) -> 264 | E96: Finalised
A97: Washed + Mandarin | B97: This lot was exposed to a dry anaerobic fermentation of 48 hours. During this fermentation period, dehydrated mandarin skin was added to the anaerobic environment. The coffee was then gently washed and placed on raised beds mixed with dehydrated mandarin skin below 35ºC until ideal moisture content was achieved. | C97: =+LEN(B97) -> 313 | E97: Finalised
A98: Washed Anaerobic | B98: This coffee was carefully hand-picked in order to select only the ripest cherries. Later, the cherries were fermented for 40 hours in an anaerobic environment. Then the cherries were pulped, gently washed, and sundried until ideal moisture content was achieved. | C98: =+LEN(B98) -> 261 | E98: Finalised
A99: Washed Anaerobic 200 hours | B99: This coffee was carefully hand-picked in order to select only the ripest cherries. The cherries were then exposed to aerobic environment for 24 hours before being placed inside Grainpro bags for 200 hours of fermentation. Then the coffee was pulped, gently washed, and sundried until ideal moisture content was achieved. | C99: =+LEN(B99) -> 320 | E99: Finalised
A100: Washed CM + Mandarin | B100: This lot was exposed to aerobic fermentation for 24 hours. Later, the coffee was placed inside Grainpro bags for 50 hours maintaining a temperature below 22ºC and mandarin and CO2 were added. Finally, the coffee was pulped, gently washed, and placed on raised beds until ideal moisture content was achieved.
A101: Washed CM | B101: This lot was exposed to aerobic fermentation for 24 hours. Later, the coffee was placed inside Grainpro bags for 50 hours maintaining a temperature below 22ºC and CO2 was added. Finally, the coffee was pulped, gently washed, and placed on raised beds until ideal moisture content was achieved. | C101: =+LEN(B101) -> 293 | E101: Finalised
A102: Washed CM 200hr | B102: This lot was exposed to aerobic fermentation for 24 hours. Later, the coffee was placed inside Grainpro bags for 200 hours maintaining a temperature below 22ºC and CO2 was added. Finally, the coffee was pulped, gently washed, and placed on raised beds until ideal moisture content was achieved. | C102: =+LEN(B102) -> 294 | E102: Finalised
...

Sheet Farmer
A1: Farm | B1: Altitude | C1: Temperature | D1: Rainfall | E1: Soil | F1: Location | G1: Farmer | H1: Farmer History | I1: text lenght (max 300)
A2: El Cañal | B2: 1650 - 1750 | C2: 16 - 25°C | D2: 1800 - 2000mm | E2: Volcanic Ash | F2: nn, nn | G2: Albeiro Cordoba | H2: Farmer Text---- Farmer Text- -- - Farmer Text ----- Farmer Text --- Farmer Text---- Farmer Text- -- - Farmer Text ----- Farmer Text Farmer Text---- Farmer Text- -- - Farmer Text ----- Farmer Text Farmer Text---- Farmer Text- -- - Farmer Text ----- Farmer Text Farmer Text---- | I2: =+LEN(Farmer!$H2) -> 283
A3: El Despetar | B3: 1900-1950 | C3: 16 - 21°C | D3: 1700-2000 mm | E3: Volcanic Ash | F3: Buesaco, Narino | G3: Albeiro Gomez | H3: Farmer Text---- Farmer Text- -- - Farmer Text ----- Farmer Text --- Farmer Text---- Farmer Text- -- - Farmer Text ----- Farmer Text Farmer Text---- Farmer Text- -- - Farmer Text ----- Farmer Text Farmer Text---- Farmer Text- -- - Farmer Text ----- Farmer Text Farmer Text---- | I3: =+LEN(Farmer!$H3) -> 283
A4: El Deseo | B4: 1600 – 1750 | C4: 14-21°C | D4: 1700-1900 mm | E4: Volcanic Ash | F4: Union, Narino | G4: Albeiro Munoz | H4: Farmer Text---- Farmer Text- -- - Farmer Text ----- Farmer Text --- Farmer Text---- Farmer Text- -- - Farmer Text ----- Farmer Text Farmer Text---- Farmer Text- -- - Farmer Text ----- Farmer Text Farmer Text---- Farmer Text- -- - Farmer Text ----- Farmer Text Farmer Text---- | I4: =+LEN(Farmer!$H4) -> 283
A5: El Remanso | B5: 1850 - 1900 | C5: 16 - 24°C | D5: 1500 – 1600 mm | E5: Volcanic Ash | F5: Planadas, Tolima | G5: Albeiro Roa Ipuz | H5: Farmer Text---- Farmer Text- -- - Farmer Text ----- Farmer Text --- Farmer Text---- Farmer Text- -- - Farmer Text ----- Farmer Text Farmer Text---- Farmer Text- -- - Farmer Text ----- Farmer Text Farmer Text---- Farmer Text- -- - Farmer Text ----- Farmer Text Farmer Text---- | I5: =+LEN(Farmer!$H5) -> 283
A6: Grano de Oro | B6: 1700 – 1750 | C6: 16 - 24°C | D6: 1900 – 2200 mm | E6: Volcanic Ash | F6: Genova, Quindio | G6: Alben Santana | H6: Farmer Text---- Farmer Text- -- - Farmer Text ----- Farmer Text --- Farmer Text---- Farmer Text- -- - Farmer Text ----- Farmer Text Farmer Text---- Farmer Text- -- - Farmer Text ----- Farmer Text Farmer Text---- Farmer Text- -- - Farmer Text ----- Farmer Text Farmer Text---- | I6: =+LEN(Farmer!$H6) -> 283
A7: La Floresta | B7: 1800-1900 | C7: 19 - 25°C | D7: 1700-2100 mm | E7: Volcanic Ash | F7: Gaitania, Tolima | G7: Alberto Ramos | H7: Farmer Text---- Farmer Text- -- - Farmer Text ----- Farmer Text --- Farmer Text---- Farmer Text- -- - Farmer Text ----- Farmer Text Farmer Text---- Farmer Text- -- - Farmer Text ----- Farmer Text Farmer Text---- Farmer Text- -- - Farmer Text ----- Farmer Text Farmer Text---- | I7: =+LEN(Farmer!$H7) -> 283
A8: La Celosa | B8: 1500-1650 | C8: 14 - 28°C | D8: 1600-2000 mm | E8: Volcanic Ash | F8: Acevedo, Huila | G8: Alberto Soto | H8: Farmer Text---- Farmer Text- -- - Farmer Text ----- Farmer Text --- Farmer Text---- Farmer Text- -- - Farmer Text ----- Farmer Text Farmer Text---- Farmer Text- -- - Farmer Text ----- Farmer Text Farmer Text---- Farmer Text- -- - Farmer Text ----- Farmer Text Farmer Text---- | I8: =+LEN(Farmer!$H8) -> 283
A9: La Muralla | B9: 1750-1800 | C9: 16 - 24°C | D9: 1800-2000 mm | E9: Volcanic Ash | F9: Pitalito, Huila | G9: Aldemar Quistal | H9: Farmer Text---- Farmer Text- -- - Farmer Text ----- Farmer Text --- Farmer Text---- Farmer Text- -- - Farmer Text ----- Farmer Text Farmer Text---- Farmer Text- -- - Farmer Text ----- Farmer Text Farmer Text---- Farmer Text- -- - Farmer Text ----- Farmer Text Farmer Text---- | I9: =+LEN(Farmer!$H9) -> 283
A10: La Cumbre | B10: 1750-1800 | C10: 16 - 24°C | D10: 1800-2000 mm | E10: Volcanic Ash | F10: Pitalito,Huila | G10: Alfonso, Molina | H10: Farmer Text---- Farmer Text- -- - Farmer Text ----- Farmer Text --- Farmer Text---- Farmer Text- -- - Farmer Text ----- Farmer Text Farmer Text---- Farmer Text- -- - Farmer Text ----- Farmer Text Farmer Text---- Farmer Text- -- - Farmer Text ----- Farmer Text Farmer Text---- | I10: =+LEN(Farmer!$H10) -> 283
A11: Las Peñas | B11: 1700-1800 | C11: 13 - 24°C | D11: 1900-2200 mm | E11: Volcanic Ash | F11: Manta, Cundinamarca | G11: Alirio | H11: Farmer Text---- Farmer Text- -- - Farmer Text ----- Farmer Text --- Farmer Text---- Farmer Text- -- - Farmer Text ----- Farmer Text Farmer Text---- Farmer Text- -- - Farmer Text ----- Farmer Text Farmer Text---- Farmer Text- -- - Farmer Text ----- Farmer Text Farmer Text---- | I11: =+LEN(Farmer!$H11) -> 283
A12: La Mariela | B12: 1900-1950 | C12: 15-24°C | D12: 1900-2200mm | E12: Volcanic Ash | F12: Genova, Quindio | G12: Alirio Buitrago | H12: Farmer Text---- Farmer Text- -- - Farmer Text ----- Farmer Text --- Farmer Text---- Farmer Text- -- - Farmer Text ----- Farmer Text Farmer Text---- Farmer Text- -- - Farmer Text ----- Farmer Text Farmer Text---- Farmer Text- -- - Farmer Text ----- Farmer Text Farmer Text---- | I12: =+LEN(Farmer!$H12) -> 283
A13: El Manantial | B13: 1740 - 1800 | C13: 19 - 26°C | D13: 1700-2200 mm | E13: Volcanic Ash | F13: Gaitania, Tolima | G13: Alirio Pecupaque | H13: Farmer Text---- Farmer Text- -- - Farmer Text ----- Farmer Text --- Farmer Text---- Farmer Text- -- - Farmer Text ----- Farmer Text Farmer Text---- Farmer Text- -- - Farmer Text ----- Farmer Text Farmer Text---- Farmer Text- -- - Farmer Text ----- Farmer Text Farmer Text---- | I13: =+LEN(Farmer!$H13) -> 283
B14: 1750-1800 | C14: 19 - 25°C | D14: 1700-2200 mm | E14: Volcanic Ash | F14: Gaitania, Tolima | G14: Alirio Pecupaque | H14: Farmer Text---- Farmer Text- -- - Farmer Text ----- Farmer Text --- Farmer Text---- Farmer Text- -- - Farmer Text ----- Farmer Text Farmer Text---- Farmer Text- -- - Farmer Text ----- Farmer Text Farmer Text---- Farmer Text- -- - Farmer Text ----- Farmer Text Farmer Text---- | I14: =+LEN(Farmer!$H14) -> 283
A15: El Cedro | B15: 1400-1450 | C15: 17 - 26°C | D15: 1600 – 1800 mm | E15: Volcanic Ash | F15: Acevedo, Huila | G15: Alirio Rodriguez | H15: Farmer Text---- Farmer Text- -- - Farmer Text ----- Farmer Text --- Farmer Text---- Farmer Text- -- - Farmer Text ----- Farmer Text Farmer Text---- Farmer Text- -- - Farmer Text ----- Farmer Text Farmer Text---- Farmer Text- -- - Farmer Text ----- Farmer Text Farmer Text---- | I15: =+LEN(Farmer!$H15) -> 283
A16: La Villa Hermosa | B16: 1700-1900 | C16: 18 - 24°C | D16: 1700-2000 mm | E16: Volcanic Ash | F16: San Adolfo, Huila | G16: Alirio Vargas | H16: Farmer Text---- Farmer Text- -- - Farmer Text ----- Farmer Text --- Farmer Text---- Farmer Text- -- - Farmer Text ----- Farmer Text Farmer Text---- Farmer Text- -- - Farmer Text ----- Farmer Text Farmer Text---- Farmer Text- -- - Farmer Text ----- Farmer Text Farmer Text---- | I16: =+LEN(Farmer!$H16) -> 283
A17: Guacanas | B17: 1750 - 1800 | C17: 12 - 27°C | D17: 1900-2000mm | E17: Volcanic Ash | F17: San Adolfo, Huila | G17: Andres Guaca | H17: Farmer Text---- Farmer Text- -- - Farmer Text ----- Farmer Text --- Farmer Text---- Farmer Text- -- - Farmer Text ----- Farmer Text Farmer Text---- Farmer Text- -- - Farmer Text ----- Farmer Text Farmer Text---- Farmer Text- -- - Farmer Text ----- Farmer Text Farmer Text---- | I17: =+LEN(Farmer!$H17) -> 283
A18: Manantiales del Frontino | B18: 1800 – 1900 | C18: 18-35°C | D18: 1700 – 1900 mm | E18: Volcanic Ash | F18: Caicedonia, Valle del Cauca | G18: Andres Londono | H18: Farmer Text---- Farmer Text- -- - Farmer Text ----- Farmer Text --- Farmer Text---- Farmer Text- -- - Farmer Text ----- Farmer Text Farmer Text---- Farmer Text- -- - Farmer Text ----- Farmer Text Farmer Text---- Farmer Text- -- - Farmer Text ----- Farmer Text Farmer Text---- | I18: =+LEN(Farmer!$H18) -> 283
A19: El Centro | B19: 1750 - 1800 | C19: 14 - 26°C | D19: 1900-2100 mm | E19: Volcanic Ash | F19: Genova, Quindio | G19: Andres Mauricio Ramirez | H19: Farmer Text---- Farmer Text- -- - Farmer Text ----- Farmer Text --- Farmer Text---- Farmer Text- -- - Farmer Text ----- Farmer Text Farmer Text---- Farmer Text- -- - Farmer Text ----- Farmer Text Farmer Text---- Farmer Text- -- - Farmer Text ----- Farmer Text Farmer Text---- | I19: =+LEN(Farmer!$H19) -> 283
A20: El Laguito | B20: 1500 - 1600 | C20: 14 - 28°C | D20: 2000-2200 mm | E20: Volcanic ash | F20: Calarca, Quindio | G20: Andres Ramirez | H20: Farmer Text---- Farmer Text- -- - Farmer Text ----- Farmer Text --- Farmer Text---- Farmer Text- -- - Farmer Text ----- Farmer Text Farmer Text---- Farmer Text- -- - Farmer Text ----- Farmer Text Farmer Text---- Farmer Text- -- - Farmer Text ----- Farmer Text Farmer Text---- | I20: =+LEN(Farmer!$H20) -> 283
A21: El Laguito | B21: 1500 - 1600 | C21: 14 - 28°C | D21: 2000 - 2200 mm | E21: Volcanic Ashes | F21: Calarca, Quindio | G21: Andres Ramirez | H21: Farmer Text---- Farmer Text- -- - Farmer Text ----- Farmer Text --- Farmer Text---- Farmer Text- -- - Farmer Text ----- Farmer Text Farmer Text---- Farmer Text- -- - Farmer Text ----- Farmer Text Farmer Text---- Farmer Text- -- - Farmer Text ----- Farmer Text Farmer Text---- | I21: =+LEN(Farmer!$H21) -> 283
A22: El Palmichal | B22: 1500 - 1600 | C22: 14 - 26°C | D22: 1900-2100 mm | E22: Volcanic Ash | F22: Genova, Quindio | G22: Atilano Giraldo | H22: Farmer Text---- Farmer Text- -- - Farmer Text ----- Farmer Text --- Farmer Text---- Farmer Text- -- - Farmer Text ----- Farmer Text Farmer Text---- Farmer Text- -- - Farmer Text ----- Farmer Text Farmer Text---- Farmer Text- -- - Farmer Text ----- Farmer Text Farmer Text---- | I22: =+LEN(Farmer!$H22) -> 283
A23: Paraiso | B23: 1700 - 1750 | C23: 18 - 24°C | D23: 1900 - 2100 mm | E23: Clay loam | F23: Timana, Huila | G23: Anselmo Trujillo | H23: Farmer Text---- Farmer Text- -- - Farmer Text ----- Farmer Text --- Farmer Text---- Farmer Text- -- - Farmer Text ----- Farmer Text Farmer Text---- Farmer Text- -- - Farmer Text ----- Farmer Text Farmer Text---- Farmer Text- -- - Farmer Text ----- Farmer Text Farmer Text---- | I23: =+LEN(Farmer!$H23) -> 283
A24: La Esperanza | B24: 1900 - 2000 | C24: 16 - 21°C | D24: 1500 – 1800 mm | E24: Volcanic Ash | F24: Planadas, Tolima. | G24: Argenis Muñoz Cuellar | H24: Farmer Text---- Farmer Text- -- - Farmer Text ----- Farmer Text --- Farmer Text---- Farmer Text- -- - Farmer Text ----- Farmer Text Farmer Text---- Farmer Text- -- - Farmer Text ----- Farmer Text Farmer Text---- Farmer Text- -- - Farmer Text ----- Farmer Text Farmer Text---- | I24: =+LEN(Farmer!$H24) -> 283
A25: Las Nubes | B25: 2000 – 2100 | C25: 12 - 22°C | D25: 1900 – 2200 mm | E25: Volcanic Ash | F25: Genova, Quindio | G25: Arles Ramirez | H25: Farmer Text---- Farmer Text- -- - Farmer Text ----- Farmer Text --- Farmer Text---- Farmer Text- -- - Farmer Text ----- Farmer Text Farmer Text---- Farmer Text- -- - Farmer Text ----- Farmer Text Farmer Text---- Farmer Text- -- - Farmer Text ----- Farmer Text Farmer Text---- | I25: =+LEN(Farmer!$H25) -> 283
A26: Villa Sebastian | B26: 1700-1750 | C26: 16 - 25°C | D26: 1600-2000 mm | E26: Clay loam | F26: Cartago, Nariño | G26: Camila Gomez | H26: Farmer Text---- Farmer Text- -- - Farmer Text ----- Farmer Text --- Farmer Text---- Farmer Text- -- - Farmer Text ----- Farmer Text Farmer Text---- Farmer Text- -- - Farmer Text ----- Farmer Text Farmer Text---- Farmer Text- -- - Farmer Text ----- Farmer Text Farmer Text---- | I26: =+LEN(Farmer!$H26) -> 283
... A39: La Divisa | B39: 1600 -2000 | C39: 16 - 24 °C | D39: 1900-2200mm | E39: Volcanic Ash | F39: Buenavista, Quindio | G39: Diofanor Ruiz | H39: Farmer Text---- Farmer Text- -- - Farmer Text ----- Farmer Text --- Farmer Text---- Farmer Text- -- - Farmer Text ----- Farmer Text Farmer Text---- Farmer Text- -- - Farmer Text ----- Farmer Text Farmer Text---- Farmer Text- -- - Farmer Text ----- Farmer Text Farmer Text---- | I39: =+LEN(Farmer!$H39) -> 283
A40: Buena Vista | B40: 1600 -1700 | C40: 16 - 24 °C | D40: 1900-2200mm | E40: Volcanic Ash | F40: Buenavista, Quindio | G40: Diofanor Ruiz
A41: Las Flores | B41: 1700-2000 | C41: 17 - 26°C | D41: 1600 - 2000 mm | E41: Clay loam | F41: San Isidro, Huila | G41: Edilberto Vergara | H41: Farmer Text---- Farmer Text- -- - Farmer Text ----- Farmer Text --- Farmer Text---- Farmer Text- -- - Farmer Text ----- Farmer Text Farmer Text---- Farmer Text- -- - Farmer Text ----- Farmer Text Farmer Text---- Farmer Text- -- - Farmer Text ----- Farmer Text Farmer Text---- | I41: =+LEN(Farmer!$H41) -> 283
A42: La Pola | B42: 1400 - 1450 | C42: 17 - 26°C | D42: 1800 - 2100mm | E42: Volcanic Ash | F42: Armenia, Quindio | G42: Eduardo Posada | H42: Farmer Text---- Farmer Text- -- - Farmer Text ----- Farmer Text --- Farmer Text---- Farmer Text- -- - Farmer Text ----- Farmer Text Farmer Text---- Farmer Text- -- - Farmer Text ----- Farmer Text Farmer Text---- Farmer Text- -- - Farmer Text ----- Farmer Text Farmer Text---- | I42: =+LEN(Farmer!$H42) -> 283
A43: La Albania | B43: 1680 -1750 | C43: 14 - 26°C | D43: 1900 - 2100 mm | E43: Volcanic Ash | F43: Planadas, Tolima | G43: Ely Hueje | H43: Farmer Text---- Farmer Text- -- - Farmer Text ----- Farmer Text --- Farmer Text---- Farmer Text- -- - Farmer Text ----- Farmer Text Farmer Text---- Farmer Text- -- - Farmer Text ----- Farmer Text Farmer Text---- Farmer Text- -- - Farmer Text ----- Farmer Text Farmer Text---- | I43: =+LEN(Farmer!$H43) -> 283
A44: El Edin | B44: 1700-1800 | C44: 18 - 23°C | D44: 1800 - 2200mm | E44: Clay loam | F44: Bruselas, Huila | G44: Eriberto Gomez | H44: Farmer Text---- Farmer Text- -- - Farmer Text ----- Farmer Text --- Farmer Text---- Farmer Text- -- - Farmer Text ----- Farmer Text Farmer Text---- Farmer Text- -- - Farmer Text ----- Farmer Text Farmer Text---- Farmer Text- -- - Farmer Text ----- Farmer Text Farmer Text---- | I44: =+LEN(Farmer!$H44) -> 283
A45: La Perla | B45: 1630 - 1800 | C45: 12 - 22°C | D45: 1700 - 2200 mm | E45: Volcanis Ashes, Clay Loam | F45: Gaitania, Tolima | G45: Ever Silva | H45: Farmer Text---- Farmer Text- -- - Farmer Text ----- Farmer Text --- Farmer Text---- Farmer Text- -- - Farmer Text ----- Farmer Text Farmer Text---- Farmer Text- -- - Farmer Text ----- Farmer Text Farmer Text---- Farmer Text- -- - Farmer Text ----- Farmer Text Farmer Text---- | I45: =+LEN(Farmer!$H45) -> 283
A46: Jardines del Encanto | B46: 1750 - 2150 | C46: 12 - 28°C | D46: 1900-2200 mm | E46: Volcanic Ash | F46: Pijao, Quindio | G46: Felipe Arcila | H46: Farmer Text---- Farmer Text- -- - Farmer Text ----- Farmer Text --- Farmer Text---- Farmer Text- -- - Farmer Text ----- Farmer Text Farmer Text---- Farmer Text- -- - Farmer Text ----- Farmer Text Farmer Text---- Farmer Text- -- - Farmer Text ----- Farmer Text Farmer Text---- | I46: =+LEN(Farmer!$H46) -> 283
A47: Jardines Del Eden | B47: 1700-1900 | C47: 12 - 28°C | D47: 1900-2200 mm | E47: Volcanic Ash | F47: Pijao, Quindio | G47: Felipe Arcila | H47: Farmer Text---- Farmer Text- -- - Farmer Text ----- Farmer Text --- Farmer Text---- Farmer Text- -- - Farmer Text ----- Farmer Text Farmer Text---- Farmer Text- -- - Farmer Text ----- Farmer Text Farmer Text---- Farmer Text- -- - Farmer Text ----- Farmer Text Farmer Text---- | I47: =+LEN(Farmer!$H47) -> 283
A48: El Rubi | B48: 1700 - 1900 | C48: 12 - 28°C | D48: 1900-2000 mm | E48: Volcanic Ash | F48: Palestina , Huila | G48: Felipe Henao | H48: Farmer Text---- Farmer Text- -- - Farmer Text ----- Farmer Text --- Farmer Text---- Farmer Text- -- - Farmer Text ----- Farmer Text Farmer Text---- Farmer Text- -- - Farmer Text ----- Farmer Text Farmer Text---- Farmer Text- -- - Farmer Text ----- Farmer Text Farmer Text---- | I48: =+LEN(Farmer!$H48) -> 283
A49: La America | B49: 1855 - 1900 | C49: 19 - 25°C | D49: 1700 - 2200 mm | E49: Volcanic Ash | F49: Planadas, Tolima | G49: Felipe Perez | H49: Farmer Text---- Farmer Text- -- - Farmer Text ----- Farmer Text --- Farmer Text---- Farmer Text- -- - Farmer Text ----- Farmer Text Farmer Text---- Farmer Text- -- - Farmer Text ----- Farmer Text Farmer Text---- Farmer Text- -- - Farmer Text ----- Farmer Text Farmer Text---- | I49: =+LEN(Farmer!$H49) -> 283
A50: Los Olivos | B50: 1830 - 1900 | C50: 19 - 25°C | D50: 1700-2200 mm | E50: Volcanic Ash | F50: Gaitania, Tolima | G50: Floralba Apio | H50: Farmer Text---- Farmer Text- -- - Farmer Text ----- Farmer Text --- Farmer Text---- Farmer Text- -- - Farmer Text ----- Farmer Text Farmer Text---- Farmer Text- -- - Farmer Text ----- Farmer Text Farmer Text---- Farmer Text- -- - Farmer Text ----- Farmer Text Farmer Text---- | I50: =+LEN(Farmer!$H50) -> 283
A51: El Pastal | B51: 1800 – 1850 | C51: 16 – 24°C | D51: 1900 – 2200 mm | E51: Volcanic Ash | F51: Genova, Quindio | G51: Francisco Florez | H51: Farmer Text---- Farmer Text- -- - Farmer Text ----- Farmer Text --- Farmer Text---- Farmer Text- -- - Farmer Text ----- Farmer Text Farmer Text---- Farmer Text- -- - Farmer Text ----- Farmer Text Farmer Text---- Farmer Text- -- - Farmer Text ----- Farmer Text Farmer Text---- | I51: =+LEN(Farmer!$H51) -> 283
A52: Loma Linda | B52: 1850 -1900 | C52: 13 - 25°C | D52: 1500 - 1800 mm | E52: Volcanic Ash | F52: Buesaco, Nariño | G52: Franco Chavez | H52: Farmer Text---- Farmer Text- -- - Farmer Text ----- Farmer Text --- Farmer Text---- Farmer Text- -- - Farmer Text ----- Farmer Text Farmer Text---- Farmer Text- -- - Farmer Text ----- Farmer Text Farmer Text---- Farmer Text- -- - Farmer Text ----- Farmer Text Farmer Text---- | I52: =+LEN(Farmer!$H52) -> 283
A53: La Cabana | B53: 1800-1900 | C53: 13 - 24°C | D53: 1800 – 2000 mm | E53: Clay loam | G53: Gilberto Perez | H53: Farmer Text---- Farmer Text- -- - Farmer Text ----- Farmer Text --- Farmer Text---- Farmer Text- -- - Farmer Text ----- Farmer Text Farmer Text---- Farmer Text- -- - Farmer Text ----- Farmer Text Farmer Text---- Farmer Text- -- - Farmer Text ----- Farmer Text Farmer Text---- | I53: =+LEN(Farmer!$H53) -> 283
A54: El Bosque | B54: 1900-1970 MASL | C54: 12 - 22°C | D54: 1900-2200 mm | E54: Volcanic Ash | F54: Planadas, Tolima | G54: Gonzalo Cifuentes | H54: Farmer Text---- Farmer Text- -- - Farmer Text ----- Farmer Text --- Farmer Text---- Farmer Text- -- - Farmer Text ----- Farmer Text Farmer Text---- Farmer Text- -- - Farmer Text ----- Farmer Text Farmer Text---- Farmer Text- -- - Farmer Text ----- Farmer Text Farmer Text---- | I54: =+LEN(Farmer!$H54) -> 283
A55: Puerto Bello | B55: 1500 - 1900 | C55: 13 - 24°C | D55: 1900 - 2000mm | E55: Volcanic ash | F55: Pijao, Quindio | G55: Gonzalo Uribe | H55: Farmer Text---- Farmer Text- -- - Farmer Text ----- Farmer Text --- Farmer Text---- Farmer Text- -- - Farmer Text ----- Farmer Text Farmer Text---- Farmer Text- -- - Farmer Text ----- Farmer Text Farmer Text---- Farmer Text- -- - Farmer Text ----- Farmer Text Farmer Text---- | I55: =+LEN(Farmer!$H55) -> 283
A56: San Juan | B56: 1500 - 1550 | C56: 16 – 24°C | D56: 1900 – 2200 mm | E56: Volcanic Ash | F56: Buenavista, Quindio. | G56: Guillermo Naranjo | H56: Farmer Text---- Farmer Text- -- - Farmer Text ----- Farmer Text --- Farmer Text---- Farmer Text- -- - Farmer Text ----- Farmer Text Farmer Text---- Farmer Text- -- - Farmer Text ----- Farmer Text Farmer Text---- Farmer Text- -- - Farmer Text ----- Farmer Text Farmer Text---- | I56: =+LEN(Farmer!$H56) -> 283
A57: Monteverde | B57: 1500 - 1800 | C57: 16 - 22°C | D57: 1800 - 2200mm | E57: Volcanic Ash | F57: Herrera, Tolima | G57: Gutierrez Family | H57: Farmer Text---- Farmer Text- -- - Farmer Text ----- Farmer Text --- Farmer Text---- Farmer Text- -- - Farmer Text ----- Farmer Text Farmer Text---- Farmer Text- -- - Farmer Text ----- Farmer Text Farmer Text---- Farmer Text- -- - Farmer Text ----- Farmer Text Farmer Text---- | I57: =+LEN(Farmer!$H57) -> 283
A58: El Paraiso | B58: 1800-1900 | C58: 14 - 21°C | D58: 1700-2000 mm | E58: Volcanic Ash | F58: Buesaco, Narino | G58: Harold Benavidez | H58: Farmer Text---- Farmer Text- -- - Farmer Text ----- Farmer Text --- Farmer Text---- Farmer Text- -- - Farmer Text ----- Farmer Text Farmer Text---- Farmer Text- -- - Farmer Text ----- Farmer Text Farmer Text---- Farmer Text- -- - Farmer Text ----- Farmer Text Farmer Text---- | I58: =+LEN(Farmer!$H58) -> 283
A59: La Suiza | B59: 1650 – 2000 | C59: 18-23°C | D59: 1800-2000 mm | E59: Clay loam | G59: Hector Zuniga | H59: Farmer Text---- Farmer Text- -- - Farmer Text ----- Farmer Text --- Farmer Text---- Farmer Text- -- - Farmer Text ----- Farmer Text Farmer Text---- Farmer Text- -- - Farmer Text ----- Farmer Text Farmer Text---- Farmer Text- -- - Farmer Text ----- Farmer Text Farmer Text---- | I59: =+LEN(Farmer!$H59) -> 283
A60: Los Deseos | B60: 1800-1900 | C60: 14 - 21°C | D60: 1700-2000 mm | E60: Volcanic Ash | F60: Buesaco, Nariño | G60: Heider Estrella | H60: Farmer Text---- Farmer Text- -- - Farmer Text ----- Farmer Text --- Farmer Text---- Farmer Text- -- - Farmer Text ----- Farmer Text Farmer Text---- Farmer Text- -- - Farmer Text ----- Farmer Text Farmer Text---- Farmer Text- -- - Farmer Text ----- Farmer Text Farmer Text---- | I60: =+LEN(Farmer!$H60) -> 283
A61: El Filo | B61: 1900-1970 | C61: 12 - 22°C | D61: 1900-2200 mm | E61: Volcanic Ash | F61: Planadas, Tolima | G61: Hermilson Cardenas | H61: Farmer Text---- Farmer Text- -- - Farmer Text ----- Farmer Text --- Farmer Text---- Farmer Text- -- - Farmer Text ----- Farmer Text Farmer Text---- Farmer Text- -- - Farmer Text ----- Farmer Text Farmer Text---- Farmer Text- -- - Farmer Text ----- Farmer Text Farmer Text---- | I61: =+LEN(Farmer!$H61) -> 283
A62: La Cristalina | B62: 1349 -1400 | C62: 17 - 28°C | D62: 1800-2600mm | E62: Volcanic Ash | F62: Armenia, Quindio | G62: Hernando Arcila | H62: Farmer Text---- Farmer Text- -- - Farmer Text ----- Farmer Text --- Farmer Text---- Farmer Text- -- - Farmer Text ----- Farmer Text Farmer Text---- Farmer Text- -- - Farmer Text ----- Farmer Text Farmer Text---- Farmer Text- -- - Farmer Text ----- Farmer Text Farmer Text----
A63: La Glorieta | B63: 1350 -1400 | C63: 18 - 28°C | D63: 1800-2600mm | E63: Volcanic Ash | F63: Armenia, Quindio | G63: Hernando Arcila | H63: Farmer Text---- Farmer Text- -- - Farmer Text ----- Farmer Text --- Farmer Text---- Farmer Text- -- - Farmer Text ----- Farmer Text Farmer Text---- Farmer Text- -- - Farmer Text ----- Farmer Text Farmer Text---- Farmer Text- -- - Farmer Text ----- Farmer Text Farmer Text---- | I63: =+LEN(Farmer!$H63) -> 283
A64: Los Guayabos | B64: 1350 -1400 | C64: 18 - 28°C | D64: 1800-2600mm | E64: Volcanic Ash, Clay loam | F64: Armenia, Quindio | G64: Hernando Arcila | H64: Farmer Text---- Farmer Text- -- - Farmer Text ----- Farmer Text --- Farmer Text---- Farmer Text- -- - Farmer Text ----- Farmer Text Farmer Text---- Farmer Text- -- - Farmer Text ----- Farmer Text Farmer Text---- Farmer Text- -- - Farmer Text ----- Farmer Text Farmer Text---- | I64: =+LEN(Farmer!$H64) -> 283
A65: Buenos Aires | B65: 1200-1700 | C65: 14-30°C | D65: 1700-2200 mm | E65: Volcanic Ash | F65: Armenia, Quindio | G65: Hernando Arcila | H65: Farmer Text---- Farmer Text- -- - Farmer Text ----- Farmer Text --- Farmer Text---- Farmer Text- -- - Farmer Text ----- Farmer Text Farmer Text---- Farmer Text- -- - Farmer Text ----- Farmer Text Farmer Text---- Farmer Text- -- - Farmer Text ----- Farmer Text Farmer Text---- | I65: =+LEN(Farmer!$H65) -> 283
A66: El Cielo | B66: 1700-2000 | C66: 17 - 24°C | D66: 1900-2200 mm | E66: Volcanic Ash | F66: Pichinde, Valle del Cauca | G66: Holguin Family | H66: Farmer Text---- Farmer Text- -- - Farmer Text ----- Farmer Text --- Farmer Text---- Farmer Text- -- - Farmer Text ----- Farmer Text Farmer Text---- Farmer Text- -- - Farmer Text ----- Farmer Text Farmer Text---- Farmer Text- -- - Farmer Text ----- Farmer Text Farmer Text---- | I66: =+LEN(Farmer!$H66) -> 283
A67: La Inmaculada | B67: 1800-2000 | C67: 18 - 24°C | D67: 1700-2000 mm | E67: Clay loam | F67: Pichinde, Valle del Cauca | G67: Holguin Family | H67: Farmer Text---- Farmer Text- -- - Farmer Text ----- Farmer Text --- Farmer Text---- Farmer Text- -- - Farmer Text ----- Farmer Text Farmer Text---- Farmer Text- -- - Farmer Text ----- Farmer Text Farmer Text---- Farmer Text- -- - Farmer Text ----- Farmer Text Farmer Text---- | I67: =+LEN(Farmer!$H67) -> 283
A68: La Llanura | B68: 1800-1900 | C68: 14 - 21°C | D68: 1700-2000 mm | E68: Volcanic Ash | F68: Acevedo, Huila | G68: Humberto Moreno | H68: Farmer Text---- Farmer Text- -- - Farmer Text ----- Farmer Text --- Farmer Text---- Farmer Text- -- - Farmer Text ----- Farmer Text Farmer Text---- Farmer Text- -- - Farmer Text ----- Farmer Text Farmer Text---- Farmer Text- -- - Farmer Text ----- Farmer Text Farmer Text---- | I68: =+LEN(Farmer!$H68) -> 283
A69: El Diamante | B69: 1830 - 1900 | C69: 19 - 25°C | D69: 1700 - 2200 mm | E69: Volcanic Ash | F69: Gaitania, Tolima | G69: Humberto Pecupaque | H69: Farmer Text---- Farmer Text- -- - Farmer Text ----- Farmer Text --- Farmer Text---- Farmer Text- -- - Farmer Text ----- Farmer Text Farmer Text---- Farmer Text- -- - Farmer Text ----- Farmer Text Farmer Text---- Farmer Text- -- - Farmer Text ----- Farmer Text Farmer Text---- | I69: =+LEN(Farmer!$H69) -> 283
A70: La Palmera | B70: 1500-1800 | C70: 12 - 28°C | D70: 1900-2200 mm | E70: Volcanic Ash | F70: Anserma, Caldas | G70: Ignacio Rodriguez | H70: Farmer Text---- Farmer Text- -- - Farmer Text ----- Farmer Text --- Farmer Text---- Farmer Text- -- - Farmer Text ----- Farmer Text Farmer Text---- Farmer Text- -- - Farmer Text ----- Farmer Text Farmer Text---- Farmer Text- -- - Farmer Text ----- Farmer Text Farmer Text---- | I70: =+LEN(Farmer!$H70) -> 283
A71: Buenos Aires | B71: 1200-1700 | C71: 14-30°C | D71: 1700-2200 mm | E71: Volcanic Ash | F71: Armenia, Quindio | G71: Jairo Arcila | H71: Farmer Text---- Farmer Text- -- - Farmer Text ----- Farmer Text --- Farmer Text---- Farmer Text- -- - Farmer Text ----- Farmer Text Farmer Text---- Farmer Text- -- - Farmer Text ----- Farmer Text Farmer Text---- Farmer Text- -- - Farmer Text ----- Farmer Text Farmer Text---- | I71: =+LEN(Farmer!$H71) -> 283
A72: Castellon | B72: 1550-2000 | C72: 15-25°C | D72: 1600-2200mm | E72: Volcanic Ash | F72: Circasia, Quindio | G72: Jairo Arcila | H72: Farmer Text---- Farmer Text- -- - Farmer Text ----- Farmer Text --- Farmer Text---- Farmer Text- -- - Farmer Text ----- Farmer Text Farmer Text---- Farmer Text- -- - Farmer Text ----- Farmer Text Farmer Text---- Farmer Text- -- - Farmer Text ----- Farmer Text Farmer Text---- | I72: =+LEN(Farmer!$H72) -> 283
A73: Casa Negra | B73: 1350 -1400 | C73: 18 - 28°C | D73: 1800-2600mm | E73: Volcanic Ash, Clay loam | F73: Armenia, Quindio | G73: Jairo Arcila | H73: Farmer Text---- Farmer Text- -- - Farmer Text ----- Farmer Text --- Farmer Text---- Farmer Text- -- - Farmer Text ----- Farmer Text Farmer Text---- Farmer Text- -- - Farmer Text ----- Farmer Text Farmer Text---- Farmer Text- -- - Farmer Text ----- Farmer Text Farmer Text---- | I73: =+LEN(Farmer!$H73) -> 283
A74: La Pradera | B74: 1400 -1450 | C74: 18 - 28°C | D74: 1800-2600mm | E74: Volcanic Ashes, Clay loam | F74: Armenia, Quindio | G74: Jairo Arcila | H74: Farmer Text---- Farmer Text- -- - Farmer Text ----- Farmer Text --- Farmer Text---- Farmer Text- -- - Farmer Text ----- Farmer Text Farmer Text---- Farmer Text- -- - Farmer Text ----- Farmer Text Farmer Text---- Farmer Text- -- - Farmer Text ----- Farmer Text Farmer Text---- | I74: =+LEN(Farmer!$H74) -> 283
... A95: Los Laureles | B95: 1900-1950 | C95: 19 - 24°C | D95: 1800-2200 mm | E95: Volcanic Ash | F95: Gaitania, Tolima | G95: Jose Ramiro Quilcue | H95: Farmer Text---- Farmer Text- -- - Farmer Text ----- Farmer Text --- Farmer Text---- Farmer Text- -- - Farmer Text ----- Farmer Text Farmer Text---- Farmer Text- -- - Farmer Text ----- Farmer Text Farmer Text---- Farmer Text- -- - Farmer Text ----- Farmer Text Farmer Text---- | I95: =+LEN(Farmer!$H95) -> 283
B96: 1700 -1900 | C96: 16 – 24°C | D96: 1500 – 1600 mm | E96: Volcanic Ash | F96: Nariño | G96: Jose Gomez | H96: Farmer Text---- Farmer Text- -- - Farmer Text ----- Farmer Text --- Farmer Text---- Farmer Text- -- - Farmer Text ----- Farmer Text Farmer Text---- Farmer Text- -- - Farmer Text ----- Farmer Text Farmer Text---- Farmer Text- -- - Farmer Text ----- Farmer Text Farmer Text---- | I96: =+LEN(Farmer!$H96) -> 283
A97: El Rubi | B97: 1800 - 1900 | C97: 16 – 24°C | D97: 1500 – 1600 mm | E97: Volcanic Ash | F97: Buesaco, Nariño | G97: Juan Alejandro | H97: Farmer Text---- Farmer Text- -- - Farmer Text ----- Farmer Text --- Farmer Text---- Farmer Text- -- - Farmer Text ----- Farmer Text Farmer Text---- Farmer Text- -- - Farmer Text ----- Farmer Text Farmer Text---- Farmer Text- -- - Farmer Text ----- Farmer Text Farmer Text---- | I97: =+LEN(Farmer!$H97) -> 283
A98: El Canal | B98: 1650 - 1750 | C98: 16 - 25 °C | D98: 1800 - 2000 mm | E98: Volcanic Ash | F98: Ciudad,Departamento | G98: Juan Ardila Londoño | H98: Farmer Text---- Farmer Text- -- - Farmer Text ----- Farmer Text --- Farmer Text---- Farmer Text- -- - Farmer Text ----- Farmer Text Farmer Text---- Farmer Text- -- - Farmer Text ----- Farmer Text Farmer Text---- Farmer Text- -- - Farmer Text ----- Farmer Text Farmer Text---- | I98: =+LEN(Farmer!$H98) -> 283
A99: La Julia | B99: 1350 - 1450 | C99: 16 - 25 °C | D99: 1800 - 2000 mm | E99: Volcanic Ash | F99: Ciudad,Departamento | G99: Juan Ardila Londoño | H99: Farmer Text---- Farmer Text- -- - Farmer Text ----- Farmer Text --- Farmer Text---- Farmer Text- -- - Farmer Text ----- Farmer Text Farmer Text---- Farmer Text- -- - Farmer Text ----- Farmer Text Farmer Text---- Farmer Text- -- - Farmer Text ----- Farmer Text Farmer Text---- | I99: =+LEN(Farmer!$H99) -> 283
A100: El Lujan | B100: 1900 - 1950 | C100: 15 – 24°C | D100: 1200 – 1700 mm | E100: Volcanic Ash | F100: Buesaco Narino | G100: Juan Cabrera | H100: Farmer Text---- Farmer Text- -- - Farmer Text ----- Farmer Text --- Farmer Text---- Farmer Text- -- - Farmer Text ----- Farmer Text Farmer Text---- Farmer Text- -- - Farmer Text ----- Farmer Text Farmer Text---- Farmer Text- -- - Farmer Text ----- Farmer Text Farmer Text---- | I100: =+LEN(Farmer!$H100) -> 283
A101: El Pomo | B101: 1800-1850 | C101: 17 - 24°C | D101: 1800-2000 mm | E101: Volcanic Ash | F101: Pitalito, Huila | G101: Julian Hernandez | H101: Farmer Text---- Farmer Text- -- - Farmer Text ----- Farmer Text --- Farmer Text---- Farmer Text- -- - Farmer Text ----- Farmer Text Farmer Text---- Farmer Text- -- - Farmer Text ----- Farmer Text Farmer Text---- Farmer Text- -- - Farmer Text ----- Farmer Text Farmer Text---- | I101: =+LEN(Farmer!$H101) -> 283
A102: El Descanso | B102: 1900-1950 | C102: 15 – 24°C | D102: 1900-2200 mm | E102: Volcanic Ash | F102: Buenavista, Quindio | G102: Julio Cortez | H102: Farmer Text---- Farmer Text- -- - Farmer Text ----- Farmer Text --- Farmer Text---- Farmer Text- -- - Farmer Text ----- Farmer Text Farmer Text---- Farmer Text- -- - Farmer Text ----- Farmer Text Farmer Text---- Farmer Text- -- - Farmer Text ----- Farmer Text Farmer Text---- | I102: =+LEN(Farmer!$H102) -> 283
A103: La Cortina de Hierro | B103: 1900-1950 | C103: 15-24°C | D103: 1900-2200mm | E103: Volcanic Ash | F103: Genova, Quindio | G103: Leonid Ramirez | H103: Farmer Text---- Farmer Text- -- - Farmer Text ----- Farmer Text --- Farmer Text---- Farmer Text- -- - Farmer Text ----- Farmer Text Farmer Text---- Farmer Text- -- - Farmer Text ----- Farmer Text Farmer Text---- Farmer Text- -- - Farmer Text ----- Farmer Text Farmer Text---- | I103: =+LEN(Farmer!$H103) -> 283
A104: Las Brisas | B104: 1500-1550 | C104: 18 - 24°C | D104: 1700-2000 mm | E104: Volcanic Ash | F104: Acevedo, Huila | G104: Lisandro Cardenas | H104: Farmer Text---- Farmer Text- -- - Farmer Text ----- Farmer Text --- Farmer Text---- Farmer Text- -- - Farmer Text ----- Farmer Text Farmer Text---- Farmer Text- -- - Farmer Text ----- Farmer Text Farmer Text---- Farmer Text- -- - Farmer Text ----- Farmer Text Farmer Text---- | I104: =+LEN(Farmer!$H104) -> 283
A105: Pedregal | B105: 900 - 1200 | C105: 27 - 36 °C | D105: 2000 - 3000 mm | E105: Volcanic Ash | F105: Pitalito,Huila | G105: Lucia Fernandez Perez | H105: Farmer Text---- Farmer Text- -- - Farmer Text ----- Farmer Text --- Farmer Text---- Farmer Text- -- - Farmer Text ----- Farmer Text Farmer Text---- Farmer Text- -- - Farmer Text ----- Farmer Text Farmer Text---- Farmer Text- -- - Farmer Text ----- Farmer Text Farmer Text---- | I105: =+LEN(Farmer!$H105) -> 283
A106: San Felipe | B106: 1700-1800 | C106: 15 - 24°C | D106: 2000-2200 mm | E106: Volcanic Ash | F106: Acevedo, Huila | G106: Luis Alberto | H106: Farmer Text---- Farmer Text- -- - Farmer Text ----- Farmer Text --- Farmer Text---- Farmer Text- -- - Farmer Text ----- Farmer Text Farmer Text---- Farmer Text- -- - Farmer Text ----- Farmer Text Farmer Text---- Farmer Text- -- - Farmer Text ----- Farmer Text Farmer Text---- | I106: =+LEN(Farmer!$H106) -> 283
A107: La Granja | B107: 1800-1850 | C107: 16 - 24°C | D107: 1300-1600 mm | E107: Clay loam | F107: Gaitania, Tolima | G107: Luis Aldana | H107: Farmer Text---- Farmer Text- -- - Farmer Text ----- Farmer Text --- Farmer Text---- Farmer Text- -- - Farmer Text ----- Farmer Text Farmer Text---- Farmer Text- -- - Farmer Text ----- Farmer Text Farmer Text---- Farmer Text- -- - Farmer Text ----- Farmer Text Farmer Text---- | I107: =+LEN(Farmer!$H107) -> 283
A108: Villa Betulia | B108: 1500 - 1600 | C108: 18 - 24°C | D108: 1700 - 2000mm | E108: Volcanic Ash | F108: Acevedo, Huila | G108: Luis Anibal Calderon | H108: Farmer Text---- Farmer Text- -- - Farmer Text ----- Farmer Text --- Farmer Text---- Farmer Text- -- - Farmer Text ----- Farmer Text Farmer Text---- Farmer Text- -- - Farmer Text ----- Farmer Text Farmer Text---- Farmer Text- -- - Farmer Text ----- Farmer Text Farmer Text---- | I108: =+LEN(Farmer!$H108) -> 283
... A118: El Oasis | B118: 1700-1800 | C118: 19 - 35°C | D118: 1500-2100 mm | E118: Volcanic Ash | F118: Gaitania, Tolima | G118: Luz Mila Gonzales | H118: Farmer Text---- Farmer Text- -- - Farmer Text ----- Farmer Text --- Farmer Text---- Farmer Text- -- - Farmer Text ----- Farmer Text Farmer Text---- Farmer Text- -- - Farmer Text ----- Farmer Text Farmer Text---- Farmer Text- -- - Farmer Text ----- Farmer Text Farmer Text---- | I118: =+LEN(Farmer!$H118) -> 283
A119: El Guavito | B119: 1400-1450 | C119: 14-28°C | D119: 1500-1800 mm | E119: Volcanic Ash, Clay loam | G119: Manuel Esteban Bueno | H119: Farmer Text---- Farmer Text- -- - Farmer Text ----- Farmer Text --- Farmer Text---- Farmer Text- -- - Farmer Text ----- Farmer Text Farmer Text---- Farmer Text- -- - Farmer Text ----- Farmer Text Farmer Text---- Farmer Text- -- - Farmer Text ----- Farmer Text Farmer Text---- | I119: =+LEN(Farmer!$H119) -> 283
A120: La Laguna | B120: 1600-1700 | C120: 16 – 24°C | D120: 1300-1600 mm | E120: Clay loam | G120: Marco Ramos | H120: Farmer Text---- Farmer Text- -- - Farmer Text ----- Farmer Text --- Farmer Text---- Farmer Text- -- - Farmer Text ----- Farmer Text Farmer Text---- Farmer Text- -- - Farmer Text ----- Farmer Text Farmer Text---- Farmer Text- -- - Farmer Text ----- Farmer Text Farmer Text---- | I120: =+LEN(Farmer!$H120) -> 283
A121: Rivadavia | B121: 1500-1600 | C121: 18-30°C | D121: 1900-2200mm | E121: Volcanic Ash | F121: Armenia, Quindio | G121: Maria Teresa Salazar | H121: Farmer Text---- Farmer Text- -- - Farmer Text ----- Farmer Text --- Farmer Text---- Farmer Text- -- - Farmer Text ----- Farmer Text Farmer Text---- Farmer Text- -- - Farmer Text ----- Farmer Text Farmer Text---- Farmer Text- -- - Farmer Text ----- Farmer Text Farmer Text---- | I121: =+LEN(Farmer!$H121) -> 283
A122: Los Pinos | B122: 1500-1670 | C122: 18-30°C | D122: 1900-2200mm | E122: Volcanic Ash | F122: Armenia, Quindio | G122: Maria Teresa Salazar
A123: El Diviso | B123: 1900-1950 | C123: 14 - 24°C | D123: 1700-2000 mm | E123: Volcanic Ash | F123: Planadas, Tolima | G123: Maria del Rocio | H123: Farmer Text---- Farmer Text- -- - Farmer Text ----- Farmer Text --- Farmer Text---- Farmer Text- -- - Farmer Text ----- Farmer Text Farmer Text---- Farmer Text- -- - Farmer Text ----- Farmer Text Farmer Text---- Farmer Text- -- - Farmer Text ----- Farmer Text Farmer Text---- | I123: =+LEN(Farmer!$H123) -> 283
A124: Mirolindo | B124: 1600 - 1700 | C124: 15 - 25°C | D124: 1600 – 1700 mm | E124: Volcanic Ash | F124: Planadas, Tolima | G124: Maria del Rosario | H124: Farmer Text---- Farmer Text- -- - Farmer Text ----- Farmer Text --- Farmer Text---- Farmer Text- -- - Farmer Text ----- Farmer Text Farmer Text---- Farmer Text- -- - Farmer Text ----- Farmer Text Farmer Text---- Farmer Text- -- - Farmer Text ----- Farmer Text Farmer Text---- | I124: =+LEN(Farmer!$H124) -> 283
A125: Mayorca | B125: 1200 - 1300 | C125: 18 - 28°C | D125: 1900 - 2200 | E125: Volcanic Ash | F125: Armenia, Quindio | G125: Marcela Castellanos | H125: Farmer Text---- Farmer Text- -- - Farmer Text ----- Farmer Text --- Farmer Text---- Farmer Text- -- - Farmer Text ----- Farmer Text Farmer Text---- Farmer Text- -- - Farmer Text ----- Farmer Text Farmer Text---- Farmer Text- -- - Farmer Text ----- Farmer Text Farmer Text---- | I125: =+LEN(Farmer!$H125) -> 283
A126: El Recuerdo | B126: 1800-1850 | C126: 14 - 28°C | D126: 2000-2200 mm | E126: Volcanic Ash | F126: Cartago, Nariño | G126: Marleny Cifuentes | H126: Farmer Text---- Farmer Text- -- - Farmer Text ----- Farmer Text --- Farmer Text---- Farmer Text- -- - Farmer Text ----- Farmer Text Farmer Text---- Farmer Text- -- - Farmer Text ----- Farmer Text Farmer Text---- Farmer Text- -- - Farmer Text ----- Farmer Text Farmer Text---- | I126: =+LEN(Farmer!$H126) -> 283
A127: El Balcero | B127: 1800 - 1850 | C127: 14 - 24°C | D127: 2050–2100 mm | E127: Volcanic Ash | F127: Planadas, Tolima | G127: Marleny Olaya | H127: Farmer Text---- Farmer Text- -- - Farmer Text ----- Farmer Text --- Farmer Text---- Farmer Text- -- - Farmer Text ----- Farmer Text Farmer Text---- Farmer Text- -- - Farmer Text ----- Farmer Text Farmer Text---- Farmer Text- -- - Farmer Text ----- Farmer Text Farmer Text---- | I127: =+LEN(Farmer!$H127) -> 283
A128: El Capricho | B128: 1400 -1450 | C128: 18 - 28°C | D128: 1800-2600mm | E128: Volcanic Ash, Clay loam | F128: Armenia, Quindio | G128: Marta Arcila | H128: Farmer Text---- Farmer Text- -- - Farmer Text ----- Farmer Text --- Farmer Text---- Farmer Text- -- - Farmer Text ----- Farmer Text Farmer Text---- Farmer Text- -- - Farmer Text ----- Farmer Text Farmer Text---- Farmer Text- -- - Farmer Text ----- Farmer Text Farmer Text---- | I128: =+LEN(Farmer!$H128) -> 283
A129: La Leona | B129: 1450 -1500 | C129: 18 - 28°C | D129: 1800-2600mm | E129: Volcanic Ash, Clay loam | F129: Armenia, Quindio | G129: Marta Arcila | H129: Farmer Text---- Farmer Text- -- - Farmer Text ----- Farmer Text --- Farmer Text---- Farmer Text- -- - Farmer Text ----- Farmer Text Farmer Text---- Farmer Text- -- - Farmer Text ----- Farmer Text Farmer Text---- Farmer Text- -- - Farmer Text ----- Farmer Text Farmer Text---- | I129: =+LEN(Farmer!$H129) -> 283
A130: La Piedra | B130: 1800-1850 | C130: 14 - 28°C | D130: 1500-1800 mm | E130: Volcanic Ash | F130: Buesaco, Nariño | G130: Melkyn Chavez | H130: Farmer Text---- Farmer Text- -- - Farmer Text ----- Farmer Text --- Farmer Text---- Farmer Text- -- - Farmer Text ----- Farmer Text Farmer Text---- Farmer Text- -- - Farmer Text ----- Farmer Text Farmer Text---- Farmer Text- -- - Farmer Text ----- Farmer Text Farmer Text---- | I130: =+LEN(Farmer!$H130) -> 283
A131: El Otono | B131: 1700-1900 | C131: 19 - 27°C | D131: 1800-2200 mm | E131: Clay loam | F131: Gaitania, Tolima | G131: Miguel Dominguez | H131: Farmer Text---- Farmer Text- -- - Farmer Text ----- Farmer Text --- Farmer Text---- Farmer Text- -- - Farmer Text ----- Farmer Text Farmer Text---- Farmer Text- -- - Farmer Text ----- Farmer Text Farmer Text---- Farmer Text- -- - Farmer Text ----- Farmer Text Farmer Text---- | I131: =+LEN(Farmer!$H131) -> 283
A132: El Oasis | B132: 1750-1800 | C132: 19 - 25°C | D132: 1700-2200 mm | E132: Volcanic Ash | F132: Gaitania, Tolima | G132: Nectario Zuñiga | H132: Farmer Text---- Farmer Text- -- - Farmer Text ----- Farmer Text --- Farmer Text---- Farmer Text- -- - Farmer Text ----- Farmer Text Farmer Text---- Farmer Text- -- - Farmer Text ----- Farmer Text Farmer Text---- Farmer Text- -- - Farmer Text ----- Farmer Text Farmer Text---- | I132: =+LEN(Farmer!$H132) -> 283
A133: El Altico | B133: 1750-1800 | C133: 19 - 25°C | D133: 1700-2200 mm | E133: Volcanic Ash | F133: Gaitania, Tolima | G133: Nectario Zuñiga | H133: Farmer Text---- Farmer Text- -- - Farmer Text ----- Farmer Text --- Farmer Text---- Farmer Text- -- - Farmer Text ----- Farmer Text Farmer Text---- Farmer Text- -- - Farmer Text ----- Farmer Text Farmer Text---- Farmer Text- -- - Farmer Text ----- Farmer Text Farmer Text---- | I133: =+LEN(Farmer!$H133) -> 283
A134: El Eden | B134: 1750-1800 | C134: 19 - 25°C | D134: 1700-2200 mm | E134: Volcanic Ash | F134: Gaitania, Tolima | G134: Nelson Hurtado | H134: Farmer Text---- Farmer Text- -- - Farmer Text ----- Farmer Text --- Farmer Text---- Farmer Text- -- - Farmer Text ----- Farmer Text Farmer Text---- Farmer Text- -- - Farmer Text ----- Farmer Text Farmer Text---- Farmer Text- -- - Farmer Text ----- Farmer Text Farmer Text---- | I134: =+LEN(Farmer!$H134) -> 283
... A140: El Obraje | B140: 2100 - 2200 | C140: 11 – 25°C | D140: 1700 – 1900 mm | E140: Volcanic Ash | F140: Tangua, Nariño | G140: Pablo Guerrero | H140: Farmer Text---- Farmer Text- -- - Farmer Text ----- Farmer Text --- Farmer Text---- Farmer Text- -- - Farmer Text ----- Farmer Text Farmer Text---- Farmer Text- -- - Farmer Text ----- Farmer Text Farmer Text---- Farmer Text- -- - Farmer Text ----- Farmer Text Farmer Text---- | I140: =+LEN(Farmer!$H140) -> 283
A141: La Maria | B141: 1200-1750 | C141: 14 - 28°C | D141: 1500-1800 mm | E141: Volcanic Ash | G141: Pastor Ceron | H141: Farmer Text---- Farmer Text- -- - Farmer Text ----- Farmer Text --- Farmer Text---- Farmer Text- -- - Farmer Text ----- Farmer Text Farmer Text---- Farmer Text- -- - Farmer Text ----- Farmer Text Farmer Text---- Farmer Text- -- - Farmer Text ----- Farmer Text Farmer Text---- | I141: =+LEN(Farmer!$H141) -> 283
A142: Mikava | B142: 2000 - 2050 | C142: 13 - 22°C | D142: 1700-2000 mm | E142: Volcanic Ash | F142: Santuario, Huila | G142: Paul Doyle | H142: Farmer Text---- Farmer Text- -- - Farmer Text ----- Farmer Text --- Farmer Text---- Farmer Text- -- - Farmer Text ----- Farmer Text Farmer Text---- Farmer Text- -- - Farmer Text ----- Farmer Text Farmer Text---- Farmer Text- -- - Farmer Text ----- Farmer Text Farmer Text---- | I142: =+LEN(Farmer!$H142) -> 283
A143: El Diamante | B143: 1650 - 1750 | C143: 20 - 25 °C | D143: 1200 - 1400 mm | E143: Volcanic Ash | F143: Ciudad,Departamento | G143: Pedro Arango Vasco | H143: Farmer Text---- Farmer Text- -- - Farmer Text ----- Farmer Text --- Farmer Text---- Farmer Text- -- - Farmer Text ----- Farmer Text Farmer Text---- Farmer Text- -- - Farmer Text ----- Farmer Text Farmer Text---- Farmer Text- -- - Farmer Text ----- Farmer Text Farmer Text---- | I143: =+LEN(Farmer!$H143) -> 283
A144: La Princesa | B144: 1800 - 2100 | C144: 13 - 25°C | D144: 1600 - 2000 mm | E144: Volcanic Ash | F144: Tablon de gomez, Nariño | G144: Pedro Ortega | H144: Farmer Text---- Farmer Text- -- - Farmer Text ----- Farmer Text --- Farmer Text---- Farmer Text- -- - Farmer Text ----- Farmer Text Farmer Text---- Farmer Text- -- - Farmer Text ----- Farmer Text Farmer Text---- Farmer Text- -- - Farmer Text ----- Farmer Text Farmer Text---- | I144: =+LEN(Farmer!$H144) -> 283
A145: El Guamo | B145: 1200-1750 | C145: 14 - 28°C | D145: 1500-1800 mm | E145: Volcanic Ash | G145: Piedad Martinez | H145: Farmer Text---- Farmer Text- -- - Farmer Text ----- Farmer Text --- Farmer Text---- Farmer Text- -- - Farmer Text ----- Farmer Text Farmer Text---- Farmer Text- -- - Farmer Text ----- Farmer Text Farmer Text---- Farmer Text- -- - Farmer Text ----- Farmer Text Farmer Text---- | I145: =+LEN(Farmer!$H145) -> 283
A146: La Montana | B146: 1800-1900 | C146: 18 - 25°C | D146: 1500-1900 mm | E146: Volcanic Ash | F146: Oporapa, Huila | G146: Rafael Amaya | H146: Farmer Text---- Farmer Text- -- - Farmer Text ----- Farmer Text --- Farmer Text---- Farmer Text- -- - Farmer Text ----- Farmer Text Farmer Text---- Farmer Text- -- - Farmer Text ----- Farmer Text Farmer Text---- Farmer Text- -- - Farmer Text ----- Farmer Text Farmer Text---- | I146: =+LEN(Farmer!$H146) -> 283
...
